date,Tn,Tx,Tavg,RH_avg,RR,ss,ff_x,ddd_x,ff_avg,ddd_car,Station Name,Latitude,Longitude,Elevation,formatted_date,image_path,color_mean_R,color_mean_G,color_mean_B,color_median_R,color_median_G,color_median_B,color_std_R,color_std_G,color_std_B,ndvi,contrast,correlation,energy,homogeneity,class
2022-12-09,21.2,28.6,24.9,78.0,1.0,10.1,3.0,30.0,1.0,W ,Stasiun Geofisika Nganjuk,-7.73486,111.76682,723.0,2022-12-09,/Users/rau/Desktop/Asa/NDVI_Stasiun Geofisika Nganjuk (3)/2022-12-09.png,121.75472259521484,203.12193298339844,79.36119079589844,131.0,211.0,75.0,57.73371124267578,20.86356544494629,35.052452087402344,0.30072590708732605,5654.635710528744,0.4949180217232768,0.484384652586088,9.692175232127754,8
2022-10-30,19.6,27.7,24.6,79.0,0.0,3.1,2.0,350.0,1.0,N ,Stasiun Geofisika Nganjuk,-7.73486,111.76682,723.0,2022-10-30,/Users/rau/Desktop/Asa/NDVI_Stasiun Geofisika Nganjuk (3)/2022-10-30.png,132.32650756835938,207.74310302734375,72.91645050048828,149.0,215.0,63.0,48.12751007080078,17.502588272094727,29.479705810546875,0.25546613335609436,5899.820651794332,0.4656147573457782,0.4843943473455921,9.31101181614346,8
2022-09-15,20.6,30.2,26.1,68.0,0.0,9.2,2.0,80.0,1.0,E ,Stasiun Geofisika Nganjuk,-7.73486,111.76682,723.0,2022-09-15,/Users/rau/Desktop/Asa/NDVI_Stasiun Geofisika Nganjuk (3)/2022-09-15.png,136.18978881835938,210.1995849609375,70.61260223388672,149.0,215.0,63.0,40.874267578125,13.19802188873291,24.9237060546875,0.23623281717300415,5728.053334766398,0.4556242900248847,0.480412416239799,9.091910964185663,7
2022-08-21,20.0,29.0,24.0,78.0,0.0,6.0,2.0,90.0,1.0,E ,Stasiun Geofisika Nganjuk,-7.73486,111.76682,723.0,2022-08-21,/Users/rau/Desktop/Asa/NDVI_Stasiun Geofisika Nganjuk (3)/2022-08-21.png,139.90318298339844,210.30186462402344,68.16139221191406,154.0,216.0,60.0,47.639060974121094,15.029382705688477,29.064403533935547,0.23059242963790894,6058.340627473227,0.4772753623733475,0.4808486368619036,9.362482289779937,0
2022-08-16,20.4,28.4,24.2,84.0,8.0,5.9,2.0,360.0,1.0,N ,Stasiun Geofisika Nganjuk,-7.73486,111.76682,723.0,2022-08-16,/Users/rau/Desktop/Asa/NDVI_Stasiun Geofisika Nganjuk (3)/2022-08-16.png,93.6220932006836,179.40304565429688,107.29525756835938,33.0,167.0,132.0,96.75413513183594,33.099300384521484,43.57361602783203,0.45911088585853577,3800.283885220394,0.5881586060330046,0.6342437439823225,6.920853297702519,3
2022-08-06,19.2,29.0,24.0,71.0,0.0,10.5,2.0,10.0,1.0,NE,Stasiun Geofisika Nganjuk,-7.73486,111.76682,723.0,2022-08-06,/Users/rau/Desktop/Asa/NDVI_Stasiun Geofisika Nganjuk (3)/2022-08-06.png,142.6039581298828,211.73861694335938,66.55657958984375,154.0,216.0,60.0,41.996490478515625,12.631698608398438,25.73695945739746,0.21721869707107544,5965.860840958891,0.4675964052780429,0.4853259620808688,9.015653594443986,7
2022-08-01,19.2,29.5,23.0,64.0,0.0,7.4,2.0,180.0,1.0,NE,Stasiun Geofisika Nganjuk,-7.73486,111.76682,723.0,2022-08-01,/Users/rau/Desktop/Asa/NDVI_Stasiun Geofisika Nganjuk (3)/2022-08-01.png,158.63885498046875,215.1337432861328,56.620216369628906,173.0,220.0,48.0,43.268592834472656,12.032498359680176,26.55948257446289,0.17186202108860016,6580.442126190021,0.4989098067951476,0.48813737107777067,8.950412514519222,0
2022-07-27,19.8,29.0,24.3,76.0,0.0,10.3,3.0,10.0,1.0,N ,Stasiun Geofisika Nganjuk,-7.73486,111.76682,723.0,2022-07-27,/Users/rau/Desktop/Asa/NDVI_Stasiun Geofisika Nganjuk (3)/2022-07-27.png,157.8456573486328,214.9442596435547,57.031349182128906,173.0,220.0,48.0,43.07516098022461,12.307914733886719,26.47759437561035,0.17418910562992096,6437.146951611664,0.5001011284459566,0.4916426391228015,8.821208958922792,0
2022-07-12,19.8,29.0,25.2,77.0,0.0,6.7,2.0,60.0,1.0,N ,Stasiun Geofisika Nganjuk,-7.73486,111.76682,723.0,2022-07-12,/Users/rau/Desktop/Asa/NDVI_Stasiun Geofisika Nganjuk (3)/2022-07-12.png,90.88837432861328,183.04661560058594,106.34925079345703,44.0,177.0,125.0,85.24821472167969,30.168903350830078,38.75545883178711,0.4492139518260956,3889.6882632888114,0.560884042002187,0.5943485507056154,7.963679172057565,6
2022-07-07,17.0,28.4,23.3,82.0,0.0,5.2,3.0,350.0,1.0,N ,Stasiun Geofisika Nganjuk,-7.73486,111.76682,723.0,2022-07-07,/Users/rau/Desktop/Asa/NDVI_Stasiun Geofisika Nganjuk (3)/2022-07-07.png,63.028419494628906,176.01602172851562,116.62284851074219,36.0,170.0,130.0,46.36734390258789,24.51527214050293,27.080398559570312,0.5262736082077026,4886.185349976336,0.5026928413661482,0.5343004695553922,8.975930988818705,1
2022-06-27,21.0,28.2,23.9,86.0,0.0,6.7,3.0,10.0,1.0,N ,Stasiun Geofisika Nganjuk,-7.73486,111.76682,723.0,2022-06-27,/Users/rau/Desktop/Asa/NDVI_Stasiun Geofisika Nganjuk (3)/2022-06-27.png,162.12547302246094,216.2205047607422,54.34703826904297,178.0,221.0,44.0,38.99943161010742,10.701987266540527,24.053457260131836,0.15955378115177155,6408.35905027122,0.513043281475432,0.50421028924102,8.39129027431202,0
2022-06-22,17.8,28.6,23.9,74.0,0.0,8.5,2.0,80.0,1.0,E ,Stasiun Geofisika Nganjuk,-7.73486,111.76682,723.0,2022-06-22,/Users/rau/Desktop/Asa/NDVI_Stasiun Geofisika Nganjuk (3)/2022-06-22.png,167.38165283203125,216.6041717529297,51.34675979614258,186.0,222.0,39.0,44.957489013671875,12.490309715270996,27.480411529541016,0.1496538668870926,6654.421482582921,0.5083029424914304,0.5012762939732729,8.629943472663115,0
2022-05-28,20.6,29.0,24.8,80.0,0.0,0.3,3.0,350.0,1.0,N ,Stasiun Geofisika Nganjuk,-7.73486,111.76682,723.0,2022-05-28,/Users/rau/Desktop/Asa/NDVI_Stasiun Geofisika Nganjuk (3)/2022-05-28.png,176.23033142089844,218.43435668945312,46.11894226074219,194.0,223.0,34.0,43.202850341796875,11.276893615722656,26.202226638793945,0.12552432715892792,7012.63340055332,0.49872860394410484,0.5066017231345205,8.316005561848321,0
2022-05-23,21.0,28.4,24.9,77.0,0.0,9.0,3.0,170.0,2.0,NE,Stasiun Geofisika Nganjuk,-7.73486,111.76682,723.0,2022-05-23,/Users/rau/Desktop/Asa/NDVI_Stasiun Geofisika Nganjuk (3)/2022-05-23.png,127.55692291259766,191.9501953125,89.6446533203125,96.0,201.0,96.0,98.16271209716797,35.82598114013672,45.734619140625,0.3312457203865051,3336.749419420222,0.6070088913461849,0.6821049053272944,6.575618809495379,3
2022-05-18,21.6,29.4,24.6,82.0,0.0,7.0,2.0,90.0,1.0,N ,Stasiun Geofisika Nganjuk,-7.73486,111.76682,723.0,2022-05-18,/Users/rau/Desktop/Asa/NDVI_Stasiun Geofisika Nganjuk (3)/2022-05-18.png,152.14393615722656,214.1378173828125,60.58111572265625,167.0,219.0,51.0,38.961700439453125,11.486989974975586,23.93999671936035,0.18739505112171173,6357.941612580364,0.4627349300793265,0.5014824013328554,8.384889802213959,0
2022-05-13,21.6,28.8,25.2,85.0,3.0,3.9,2.0,20.0,1.0,N ,Stasiun Geofisika Nganjuk,-7.73486,111.76682,723.0,2022-05-13,/Users/rau/Desktop/Asa/NDVI_Stasiun Geofisika Nganjuk (3)/2022-05-13.png,78.42632293701172,176.60499572753906,112.52973175048828,33.0,167.0,132.0,78.73539733886719,29.92222023010254,36.977787017822266,0.49248987436294556,4540.290540308831,0.5062408565940564,0.555868764256213,8.279436923069346,6
2022-05-03,18.2,29.8,24.5,82.0,0.0,6.8,3.0,350.0,2.0,E ,Stasiun Geofisika Nganjuk,-7.73486,111.76682,723.0,2022-05-03,/Users/rau/Desktop/Asa/NDVI_Stasiun Geofisika Nganjuk (3)/2022-05-03.png,134.94725036621094,208.77584838867188,71.16575622558594,151.0,216.0,62.0,48.53956604003906,16.163822174072266,29.65306854248047,0.24730455875396729,5949.266595595449,0.4637713132973387,0.4955649341075317,9.068558377949378,7
2022-04-13,20.2,29.5,24.7,78.0,0.0,7.4,2.0,360.0,2.0,N ,Stasiun Geofisika Nganjuk,-7.73486,111.76682,723.0,2022-04-13,/Users/rau/Desktop/Asa/NDVI_Stasiun Geofisika Nganjuk (3)/2022-04-13.png,151.8990020751953,213.02455139160156,60.603355407714844,173.0,220.0,48.0,49.63862991333008,14.212074279785156,30.375455856323242,0.19641909003257751,6056.099803232628,0.5187097615566633,0.49747249765947715,8.917385088541009,0
2022-04-03,21.2,28.5,22.4,92.0,0.6,1.8,2.0,360.0,1.0,N ,Stasiun Geofisika Nganjuk,-7.73486,111.76682,723.0,2022-04-03,/Users/rau/Desktop/Asa/NDVI_Stasiun Geofisika Nganjuk (3)/2022-04-03.png,104.22335052490234,192.3414306640625,90.58619689941406,91.0,200.0,98.0,66.74845123291016,28.477933883666992,41.200218200683594,0.3755919337272644,5699.526591716389,0.49983105181729437,0.5099859526844741,9.324590215670758,8
2022-03-29,20.6,28.0,23.7,83.0,37.0,7.0,3.0,40.0,2.0,N ,Stasiun Geofisika Nganjuk,-7.73486,111.76682,723.0,2022-03-29,/Users/rau/Desktop/Asa/NDVI_Stasiun Geofisika Nganjuk (3)/2022-03-29.png,175.86712646484375,217.0013427734375,48.293704986572266,197.0,223.0,33.0,53.811546325683594,15.798293113708496,31.202009201049805,0.13454794883728027,6745.5403944288755,0.4691626070835386,0.4981489761922562,8.988543382000504,0
2022-03-04,21.4,27.9,24.0,88.0,1.0,5.7,2.0,270.0,1.0,N ,Stasiun Geofisika Nganjuk,-7.73486,111.76682,723.0,2022-03-04,/Users/rau/Desktop/Asa/NDVI_Stasiun Geofisika Nganjuk (3)/2022-03-04.png,141.88490295410156,208.91094970703125,66.84843444824219,165.0,218.0,53.0,58.968528747558594,19.032026290893555,35.8808479309082,0.23642398416996002,6157.883736368977,0.49950249185523815,0.48682623983457796,9.404669782174773,0
2022-02-27,20.4,28.2,23.7,85.0,29.0,2.9,4.0,280.0,2.0,W ,Stasiun Geofisika Nganjuk,-7.73486,111.76682,723.0,2022-02-27,/Users/rau/Desktop/Asa/NDVI_Stasiun Geofisika Nganjuk (3)/2022-02-27.png,168.97445678710938,216.96067810058594,50.372947692871094,186.0,222.0,39.0,44.48978042602539,12.232309341430664,27.169490814208984,0.14516088366508484,6785.528540133955,0.506701138100696,0.4981782021655621,8.629739251871507,0
2022-02-02,20.4,28.6,24.1,81.0,0.0,2.3,3.0,330.0,2.0,NW,Stasiun Geofisika Nganjuk,-7.73486,111.76682,723.0,2022-02-02,/Users/rau/Desktop/Asa/NDVI_Stasiun Geofisika Nganjuk (3)/2022-02-02.png,167.3730010986328,216.80690002441406,51.23429489135742,183.0,221.0,41.0,43.16188430786133,11.84323501586914,26.460285186767578,0.14840449392795563,6647.706730344539,0.5125054727721396,0.5028134283334087,8.538880116835877,0
2021-12-09,21.2,27.4,23.7,89.0,6.0,3.9,2.0,240.0,1.0,W ,Stasiun Geofisika Nganjuk,-7.73486,111.76682,723.0,2021-12-09,/Users/rau/Desktop/Asa/NDVI_Stasiun Geofisika Nganjuk (3)/2021-12-09.png,58.764068603515625,168.87257385253906,122.51825714111328,32.0,161.0,135.0,63.09070587158203,25.149642944335938,29.27351951599121,0.5604617595672607,4180.572032245126,0.541846359146729,0.5684650742676756,7.994834133877165,6
2021-11-09,21.4,28.8,23.2,90.0,2.0,0.8,2.0,360.0,1.0,N ,Stasiun Geofisika Nganjuk,-7.73486,111.76682,723.0,2021-11-09,/Users/rau/Desktop/Asa/NDVI_Stasiun Geofisika Nganjuk (3)/2021-11-09.png,182.64393615722656,207.48593139648438,67.73316192626953,253.0,231.0,36.0,102.72972106933594,34.807518005371094,46.39433670043945,0.17865513265132904,1749.168410732599,0.6518650540014869,0.842483540878411,3.4043317650493394,5
2021-10-10,20.2,32.6,27.1,61.0,0.0,9.8,2.0,360.0,1.0,N ,Stasiun Geofisika Nganjuk,-7.73486,111.76682,723.0,2021-10-10,/Users/rau/Desktop/Asa/NDVI_Stasiun Geofisika Nganjuk (3)/2021-10-10.png,118.2010498046875,205.48886108398438,81.70916748046875,124.0,210.0,79.0,41.05434036254883,13.58701229095459,24.838115692138672,0.2947356402873993,5351.8862328014275,0.45188698554042667,0.47203062721213007,9.53844311731746,9
2021-10-05,20.0,27.9,25.0,78.0,0.0,5.2,2.0,360.0,1.0,N ,Stasiun Geofisika Nganjuk,-7.73486,111.76682,723.0,2021-10-05,/Users/rau/Desktop/Asa/NDVI_Stasiun Geofisika Nganjuk (3)/2021-10-05.png,158.65135192871094,195.97579956054688,79.73941802978516,253.0,231.0,36.0,109.67200469970703,40.83109664916992,50.85725784301758,0.2517392933368683,2327.8609228760956,0.6613882984170069,0.7796675978248941,3.784798074289638,5
2021-09-25,20.2,29.4,25.2,78.0,3.5,5.1,2.0,110.0,1.0,NE,Stasiun Geofisika Nganjuk,-7.73486,111.76682,723.0,2021-09-25,/Users/rau/Desktop/Asa/NDVI_Stasiun Geofisika Nganjuk (3)/2021-09-25.png,112.6203384399414,203.27467346191406,85.08287048339844,119.0,208.0,82.0,43.072105407714844,15.46218490600586,25.91415786743164,0.31692466139793396,5398.564546561111,0.4425333773760538,0.4702659804641854,9.62387913907331,8
2021-09-20,19.6,30.2,25.6,68.0,0.0,5.5,3.0,10.0,2.0,N ,Stasiun Geofisika Nganjuk,-7.73486,111.76682,723.0,2021-09-20,/Users/rau/Desktop/Asa/NDVI_Stasiun Geofisika Nganjuk (3)/2021-09-20.png,126.33880615234375,207.5980987548828,76.68572998046875,134.0,212.0,73.0,42.28963851928711,13.606284141540527,25.742494583129883,0.26839521527290344,5560.38530689013,0.453206525576196,0.47405235530987294,9.470164491370847,4
2021-09-10,19.0,32.2,26.2,64.0,0.0,8.4,2.0,40.0,2.0,NE,Stasiun Geofisika Nganjuk,-7.73486,111.76682,723.0,2021-09-10,/Users/rau/Desktop/Asa/NDVI_Stasiun Geofisika Nganjuk (3)/2021-09-10.png,125.24840545654297,207.15103149414062,77.3300552368164,134.0,212.0,73.0,43.5776252746582,14.019362449645996,26.528703689575195,0.2730518579483032,5609.93014154575,0.447855012103301,0.4689661981649732,9.610090387551658,4
2021-08-31,20.4,30.8,25.4,71.0,0.0,8.5,2.0,70.0,2.0,NE,Stasiun Geofisika Nganjuk,-7.73486,111.76682,723.0,2021-08-31,/Users/rau/Desktop/Asa/NDVI_Stasiun Geofisika Nganjuk (3)/2021-08-31.png,129.1344451904297,208.40814208984375,74.96640014648438,139.0,213.0,70.0,41.92290115356445,13.26938533782959,25.562808990478516,0.2589210271835327,5627.062413257534,0.4549324670676076,0.47311396543324585,9.428494490986523,7
2021-08-26,19.4,30.2,24.6,59.0,0.0,10.0,2.0,360.0,1.0,N ,Stasiun Geofisika Nganjuk,-7.73486,111.76682,723.0,2021-08-26,/Users/rau/Desktop/Asa/NDVI_Stasiun Geofisika Nganjuk (3)/2021-08-26.png,129.67233276367188,208.86219787597656,74.69417572021484,139.0,213.0,70.0,39.44752502441406,12.362138748168945,24.029428482055664,0.25514116883277893,5534.461816819483,0.4551155976213872,0.4772654749931384,9.227751229616443,7
2021-08-11,19.8,30.2,25.3,60.0,0.0,8.6,3.0,360.0,2.0,N ,Stasiun Geofisika Nganjuk,-7.73486,111.76682,723.0,2021-08-11,/Users/rau/Desktop/Asa/NDVI_Stasiun Geofisika Nganjuk (3)/2021-08-11.png,147.1298370361328,212.64901733398438,63.759586334228516,159.0,217.0,56.0,44.011634826660156,12.579726219177246,27.034887313842773,0.20498111844062805,6432.53227668068,0.4661647562187401,0.4777321949647161,9.288361962658843,7
2021-08-06,20.2,29.2,24.2,69.0,0.0,10.5,3.0,90.0,2.0,E ,Stasiun Geofisika Nganjuk,-7.73486,111.76682,723.0,2021-08-06,/Users/rau/Desktop/Asa/NDVI_Stasiun Geofisika Nganjuk (3)/2021-08-06.png,123.85688018798828,208.05125427246094,78.51972961425781,134.0,212.0,73.0,32.21181869506836,10.5394287109375,19.378854751586914,0.26885542273521423,5188.604550906987,0.44910255294275275,0.4867444339006657,8.699181157010948,7
2021-08-01,19.2,29.2,23.9,80.0,0.0,5.1,3.0,350.0,2.0,N ,Stasiun Geofisika Nganjuk,-7.73486,111.76682,723.0,2021-08-01,/Users/rau/Desktop/Asa/NDVI_Stasiun Geofisika Nganjuk (3)/2021-08-01.png,108.3670883178711,177.90737915039062,102.84707641601562,32.0,152.0,138.0,105.37464141845703,39.12165069580078,48.76640701293945,0.40985459089279175,3199.4131158961927,0.6134649049478016,0.6865049299392233,5.221003995226179,3
2021-07-27,18.8,29.0,23.4,55.0,0.0,10.4,3.0,90.0,2.0,E ,Stasiun Geofisika Nganjuk,-7.73486,111.76682,723.0,2021-07-27,/Users/rau/Desktop/Asa/NDVI_Stasiun Geofisika Nganjuk (3)/2021-07-27.png,158.74105834960938,214.9419403076172,56.788665771484375,173.0,220.0,48.0,46.02068328857422,12.478453636169434,28.03036880493164,0.17333240807056427,6804.991249155242,0.4643005059673103,0.4765402419626318,9.312268832149101,7
2021-07-17,19.2,28.8,24.0,73.0,0.0,3.0,2.0,360.0,1.0,N ,Stasiun Geofisika Nganjuk,-7.73486,111.76682,723.0,2021-07-17,/Users/rau/Desktop/Asa/NDVI_Stasiun Geofisika Nganjuk (3)/2021-07-17.png,42.917171478271484,175.45494079589844,125.7822494506836,41.0,175.0,127.0,8.313657760620117,5.9405436515808105,4.900243759155273,0.6099432110786438,2790.208310067351,0.6544335089585243,0.5515403058858632,7.070258889831683,2
2021-07-12,17.8,28.5,23.6,70.0,0.0,9.0,3.0,170.0,2.0,E ,Stasiun Geofisika Nganjuk,-7.73486,111.76682,723.0,2021-07-12,/Users/rau/Desktop/Asa/NDVI_Stasiun Geofisika Nganjuk (3)/2021-07-12.png,131.8213653564453,210.16746520996094,73.58827209472656,141.0,214.0,68.0,31.78407859802246,9.867423057556152,19.266904830932617,0.2428426742553711,5221.734373361656,0.46194056346610485,0.49837088199265284,8.48157199562381,7
2021-07-07,18.7,29.0,23.8,74.0,0.0,8.0,2.0,20.0,2.0,N ,Stasiun Geofisika Nganjuk,-7.73486,111.76682,723.0,2021-07-07,/Users/rau/Desktop/Asa/NDVI_Stasiun Geofisika Nganjuk (3)/2021-07-07.png,116.85494995117188,206.9136962890625,83.07027435302734,121.0,209.0,81.0,24.078636169433594,7.76840877532959,14.351163864135742,0.2868776321411133,4799.304793251746,0.45066095718585436,0.5112023089129354,8.075049315233617,7
2021-07-02,19.4,29.0,23.4,70.0,0.0,9.0,2.0,130.0,2.0,SE,Stasiun Geofisika Nganjuk,-7.73486,111.76682,723.0,2021-07-02,/Users/rau/Desktop/Asa/NDVI_Stasiun Geofisika Nganjuk (3)/2021-07-02.png,120.42534637451172,202.23471069335938,80.31714630126953,136.0,213.0,71.0,55.31848907470703,22.338224411010742,34.12797927856445,0.30246472358703613,5578.943198138374,0.4886612192456059,0.4949521988618007,9.433216535776985,8
2021-06-27,20.6,28.4,24.6,82.0,0.0,7.2,2.0,120.0,1.0,E ,Stasiun Geofisika Nganjuk,-7.73486,111.76682,723.0,2021-06-27,/Users/rau/Desktop/Asa/NDVI_Stasiun Geofisika Nganjuk (3)/2021-06-27.png,93.77989196777344,178.20318603515625,107.5329818725586,32.0,164.0,133.0,94.88340759277344,34.274192810058594,43.294334411621094,0.4511847496032715,3552.373747519592,0.5963336530168631,0.6489127885093419,6.730814870907365,3
2021-06-22,20.2,27.6,23.5,89.0,0.0,3.9,2.0,320.0,1.0,NW,Stasiun Geofisika Nganjuk,-7.73486,111.76682,723.0,2021-06-22,/Users/rau/Desktop/Asa/NDVI_Stasiun Geofisika Nganjuk (3)/2021-06-22.png,120.92311096191406,205.74864196777344,79.99882507324219,131.0,211.0,75.0,42.885154724121094,15.112081527709961,25.957605361938477,0.2879040837287903,5297.913230580281,0.46182432784853245,0.49105087298036787,9.145194695172016,8
2021-06-07,20.8,28.4,24.8,79.0,0.0,5.8,3.0,360.0,1.0,N ,Stasiun Geofisika Nganjuk,-7.73486,111.76682,723.0,2021-06-07,/Users/rau/Desktop/Asa/NDVI_Stasiun Geofisika Nganjuk (3)/2021-06-07.png,100.49820709228516,196.36192321777344,92.71282958984375,105.0,204.0,91.0,50.003562927246094,21.91023826599121,30.300888061523438,0.3697967827320099,5095.698504286088,0.47451257930708757,0.48972596374260785,9.612389367554933,8
2021-06-02,20.0,28.4,24.3,85.0,7.0,3.3,3.0,130.0,1.0,N ,Stasiun Geofisika Nganjuk,-7.73486,111.76682,723.0,2021-06-02,/Users/rau/Desktop/Asa/NDVI_Stasiun Geofisika Nganjuk (3)/2021-06-02.png,98.08209228515625,198.38270568847656,94.5213851928711,103.0,204.0,92.0,37.843082427978516,16.915029525756836,22.018877029418945,0.3655666410923004,4742.363889737735,0.45628302167532814,0.5005717945055175,9.068077360709658,8
2021-05-18,21.4,28.1,24.4,80.0,0.0,8.1,3.0,360.0,1.0,N ,Stasiun Geofisika Nganjuk,-7.73486,111.76682,723.0,2021-05-18,/Users/rau/Desktop/Asa/NDVI_Stasiun Geofisika Nganjuk (3)/2021-05-18.png,50.60219955444336,179.05128479003906,121.77034759521484,48.0,180.0,122.0,15.551958084106445,11.039213180541992,9.33635425567627,0.5683733224868774,2820.46466033401,0.6112023957215078,0.528609233452444,8.160087452744438,2
2021-05-03,20.2,29.2,24.6,81.0,0.0,8.9,2.0,30.0,2.0,SE,Stasiun Geofisika Nganjuk,-7.73486,111.76682,723.0,2021-05-03,/Users/rau/Desktop/Asa/NDVI_Stasiun Geofisika Nganjuk (3)/2021-05-03.png,154.36671447753906,214.49249267578125,59.19728469848633,167.0,219.0,51.0,40.71161651611328,11.580952644348145,25.06917953491211,0.18206623196601868,6189.80360812299,0.4950654273477987,0.48969537596042223,8.796955117083314,0
2021-04-23,19.6,28.0,23.4,76.0,0.0,9.8,2.0,20.0,1.0,N ,Stasiun Geofisika Nganjuk,-7.73486,111.76682,723.0,2021-04-23,/Users/rau/Desktop/Asa/NDVI_Stasiun Geofisika Nganjuk (3)/2021-04-23.png,162.0538330078125,215.9317169189453,54.45842742919922,178.0,221.0,44.0,42.47924041748047,11.41883373260498,26.12650489807129,0.16190029680728912,6518.2815284736125,0.5046562409241752,0.49419779864803015,8.73613570967684,0
2021-04-18,20.4,27.6,22.6,80.0,0.0,8.7,3.0,180.0,2.0,S ,Stasiun Geofisika Nganjuk,-7.73486,111.76682,723.0,2021-04-18,/Users/rau/Desktop/Asa/NDVI_Stasiun Geofisika Nganjuk (3)/2021-04-18.png,151.8665771484375,213.3704376220703,60.73549270629883,170.0,219.0,50.0,47.37556838989258,13.109204292297363,29.0393009185791,0.19403648376464844,6305.204093238926,0.49564728737526925,0.4893120421862634,9.085116799001707,0
2021-04-08,20.8,27.3,23.4,89.0,18.0,1.5,4.0,270.0,2.0,W ,Stasiun Geofisika Nganjuk,-7.73486,111.76682,723.0,2021-04-08,/Users/rau/Desktop/Asa/NDVI_Stasiun Geofisika Nganjuk (3)/2021-04-08.png,153.13377380371094,213.50735473632812,59.92793273925781,170.0,219.0,50.0,45.81608200073242,14.045929908752441,28.18012237548828,0.1898615062236786,6287.99416978416,0.5074400942853015,0.49422515437576486,8.89485910802209,0
2021-04-03,20.4,29.0,25.3,74.0,0.0,2.3,2.0,330.0,2.0,N ,Stasiun Geofisika Nganjuk,-7.73486,111.76682,723.0,2021-04-03,/Users/rau/Desktop/Asa/NDVI_Stasiun Geofisika Nganjuk (3)/2021-04-03.png,72.11930084228516,191.8512420654297,109.31626892089844,69.0,191.0,111.0,14.943687438964844,6.276443004608154,8.495738983154297,0.45894479751586914,2613.900461101851,0.6490263104041739,0.5526025853248333,7.2899075041120955,2
2021-03-24,20.4,27.7,24.3,85.0,17.3,5.0,2.0,20.0,1.0,NE,Stasiun Geofisika Nganjuk,-7.73486,111.76682,723.0,2021-03-24,/Users/rau/Desktop/Asa/NDVI_Stasiun Geofisika Nganjuk (3)/2021-03-24.png,93.10889434814453,182.7851104736328,104.2479476928711,41.0,175.0,127.0,84.4637222290039,31.589397430419922,40.75539016723633,0.4401942193508148,4179.092450636019,0.5618979203334984,0.6074846839876897,8.011358839343231,6
2021-03-19,20.2,29.4,25.1,78.0,82.0,4.6,3.0,360.0,2.0,N ,Stasiun Geofisika Nganjuk,-7.73486,111.76682,723.0,2021-03-19,/Users/rau/Desktop/Asa/NDVI_Stasiun Geofisika Nganjuk (3)/2021-03-19.png,174.49192810058594,217.9769744873047,47.368961334228516,191.0,223.0,36.0,44.800804138183594,11.884536743164062,27.040903091430664,0.13096222281455994,7135.979411557964,0.4700797846474627,0.4933113376713924,8.70306763459175,0
2021-03-14,20.0,26.2,22.5,88.0,0.0,4.0,2.0,340.0,1.0,NE,Stasiun Geofisika Nganjuk,-7.73486,111.76682,723.0,2021-03-14,/Users/rau/Desktop/Asa/NDVI_Stasiun Geofisika Nganjuk (3)/2021-03-14.png,129.3343048095703,185.053466796875,93.3447265625,32.0,156.0,137.0,110.09620666503906,41.13641357421875,51.07014846801758,0.3434148132801056,2395.9439533476802,0.6841198192252076,0.7701910581754781,4.2529415210152255,3
2021-02-27,20.7,27.3,23.7,86.0,22.0,4.0,2.0,360.0,1.0,N ,Stasiun Geofisika Nganjuk,-7.73486,111.76682,723.0,2021-02-27,/Users/rau/Desktop/Asa/NDVI_Stasiun Geofisika Nganjuk (3)/2021-02-27.png,44.02857971191406,151.78298950195312,133.4496307373047,31.0,147.0,139.0,51.725990295410156,19.732097625732422,24.126855850219727,0.6092678904533386,3518.904726452193,0.6004898691236019,0.6931991025033857,4.6168546218270015,6
2021-01-03,21.2,27.6,24.3,85.0,1.0,2.3,3.0,20.0,1.0,E ,Stasiun Geofisika Nganjuk,-7.73486,111.76682,723.0,2021-01-03,/Users/rau/Desktop/Asa/NDVI_Stasiun Geofisika Nganjuk (3)/2021-01-03.png,144.31524658203125,212.14907836914062,65.87551879882812,146.0,215.0,65.0,44.904048919677734,11.733389854431152,27.349889755249023,0.2126893401145935,5956.604211545326,0.4727593556492109,0.4878148961781082,9.344126741158725,0
2020-11-19,21.9,31.2,26.6,75.0,0.0,8.8,3.0,360.0,2.0,N ,Stasiun Geofisika Nganjuk,-7.73486,111.76682,723.0,2020-11-19,/Users/rau/Desktop/Asa/NDVI_Stasiun Geofisika Nganjuk (3)/2020-11-19.png,80.1778564453125,185.06192016601562,105.98820495605469,53.0,183.0,120.0,57.50802230834961,25.19515609741211,32.68125534057617,0.46228739619255066,5011.521539758885,0.4870718811827952,0.5071316401429753,9.499636067507922,1
2020-10-30,21.8,29.6,25.1,80.0,0.0,10.8,3.0,90.0,2.0,E ,Stasiun Geofisika Nganjuk,-7.73486,111.76682,723.0,2020-10-30,/Users/rau/Desktop/Asa/NDVI_Stasiun Geofisika Nganjuk (3)/2020-10-30.png,90.19081115722656,183.27049255371094,106.24190521240234,48.0,180.0,122.0,81.09867095947266,30.10546112060547,37.30002975463867,0.4447712004184723,3951.3182094496815,0.5694258630173292,0.6000308567209531,7.919636513503757,6
2020-10-20,21.0,30.4,25.6,78.0,0.0,0.5,3.0,90.0,1.0,E ,Stasiun Geofisika Nganjuk,-7.73486,111.76682,723.0,2020-10-20,/Users/rau/Desktop/Asa/NDVI_Stasiun Geofisika Nganjuk (3)/2020-10-20.png,116.7861557006836,204.82882690429688,82.55026245117188,121.0,209.0,81.0,42.73676681518555,14.251465797424316,25.873077392578125,0.3010268211364746,5388.345106975342,0.44840358291276605,0.46858693047560473,9.694733687361238,8
2020-10-15,20.0,32.8,27.2,62.0,0.0,9.1,3.0,360.0,2.0,N ,Stasiun Geofisika Nganjuk,-7.73486,111.76682,723.0,2020-10-15,/Users/rau/Desktop/Asa/NDVI_Stasiun Geofisika Nganjuk (3)/2020-10-15.png,112.42251586914062,204.06362915039062,85.31090545654297,116.0,208.0,84.0,38.33903121948242,13.202324867248535,23.044105529785156,0.3127611577510834,5157.489265726488,0.4461399224884498,0.4733212965302437,9.44717116499568,4
2020-09-30,20.8,31.2,26.3,69.0,0.0,8.8,3.0,50.0,2.0,N ,Stasiun Geofisika Nganjuk,-7.73486,111.76682,723.0,2020-09-30,/Users/rau/Desktop/Asa/NDVI_Stasiun Geofisika Nganjuk (3)/2020-09-30.png,121.0715103149414,205.98580932617188,79.91412353515625,126.0,210.0,78.0,43.51358413696289,14.257896423339844,26.395503997802734,0.28702911734580994,5555.176541722206,0.44295900982639813,0.46825045008116567,9.69629789023133,4
2020-09-10,21.0,28.6,25.2,73.0,0.0,9.0,2.0,360.0,1.0,N ,Stasiun Geofisika Nganjuk,-7.73486,111.76682,723.0,2020-09-10,/Users/rau/Desktop/Asa/NDVI_Stasiun Geofisika Nganjuk (3)/2020-09-10.png,94.99009704589844,197.0831298828125,96.00161743164062,98.0,202.0,95.0,38.5972785949707,17.370464324951172,23.103404998779297,0.37983718514442444,4844.563523740639,0.44883515390479334,0.48297761775199377,9.364438243548246,9
2020-09-05,20.2,29.8,25.2,71.0,0.0,9.0,2.0,360.0,1.0,N ,Stasiun Geofisika Nganjuk,-7.73486,111.76682,723.0,2020-09-05,/Users/rau/Desktop/Asa/NDVI_Stasiun Geofisika Nganjuk (3)/2020-09-05.png,88.31156158447266,194.4623565673828,100.10020446777344,91.0,200.0,98.0,36.6835823059082,17.8231143951416,21.988405227661133,0.4048054814338684,4720.082101912006,0.45982351214316514,0.4857396868779965,9.3528731246708,9
2020-08-31,20.0,30.0,25.5,69.0,0.0,9.6,2.0,360.0,1.0,E ,Stasiun Geofisika Nganjuk,-7.73486,111.76682,723.0,2020-08-31,/Users/rau/Desktop/Asa/NDVI_Stasiun Geofisika Nganjuk (3)/2020-08-31.png,132.75572204589844,209.5745849609375,72.76273345947266,141.0,214.0,68.0,40.51050567626953,12.3427095413208,24.757596969604492,0.24602088332176208,5728.241485009465,0.45373491213822836,0.47286591754501406,9.322647610251327,7
2020-08-26,19.0,30.4,24.6,68.0,0.0,10.2,5.0,360.0,2.0,N ,Stasiun Geofisika Nganjuk,-7.73486,111.76682,723.0,2020-08-26,/Users/rau/Desktop/Asa/NDVI_Stasiun Geofisika Nganjuk (3)/2020-08-26.png,140.7252655029297,211.34266662597656,67.7606430053711,151.0,216.0,62.0,42.44610595703125,12.394835472106934,26.042278289794922,0.22279925644397736,6056.149471654223,0.4698112282164426,0.4748114165369403,9.321676680898378,7
2020-08-21,19.6,29.2,25.0,57.0,0.0,9.3,3.0,120.0,2.0,NE,Stasiun Geofisika Nganjuk,-7.73486,111.76682,723.0,2020-08-21,/Users/rau/Desktop/Asa/NDVI_Stasiun Geofisika Nganjuk (3)/2020-08-21.png,145.83743286132812,212.28501892089844,64.57099151611328,157.0,217.0,58.0,44.65652847290039,12.841663360595703,27.394258499145508,0.2092786282300949,6267.613269972357,0.46737334015575366,0.4746299641656642,9.38904874650914,7
2020-08-11,21.0,29.2,24.5,80.0,0.0,9.0,2.0,90.0,1.0,E ,Stasiun Geofisika Nganjuk,-7.73486,111.76682,723.0,2020-08-11,/Users/rau/Desktop/Asa/NDVI_Stasiun Geofisika Nganjuk (3)/2020-08-11.png,108.5324478149414,199.7537841796875,88.34042358398438,112.0,206.0,86.0,52.477638244628906,20.22385597229004,30.32453727722168,0.34063467383384705,5240.3753449051,0.45941264151562167,0.4817598677998353,9.796571371416594,8
2020-08-06,19.9,29.4,24.4,75.0,0.0,8.5,3.0,360.0,2.0,N ,Stasiun Geofisika Nganjuk,-7.73486,111.76682,723.0,2020-08-06,/Users/rau/Desktop/Asa/NDVI_Stasiun Geofisika Nganjuk (3)/2020-08-06.png,84.17362976074219,193.40052795410156,102.54109191894531,87.0,198.0,101.0,33.691070556640625,16.775489807128906,19.95447540283203,0.419839084148407,4839.3041546790755,0.4663156257006652,0.4900800586047781,9.197118691949163,9
2020-08-01,19.4,29.0,23.5,76.0,0.0,9.8,3.0,300.0,2.0,N ,Stasiun Geofisika Nganjuk,-7.73486,111.76682,723.0,2020-08-01,/Users/rau/Desktop/Asa/NDVI_Stasiun Geofisika Nganjuk (3)/2020-08-01.png,141.0084686279297,211.462158203125,67.59727478027344,151.0,216.0,62.0,41.69978713989258,12.314057350158691,25.58330535888672,0.22147440910339355,6019.310568930928,0.46373510801958895,0.47575139796571253,9.259946349121652,7
2020-07-27,19.4,28.8,22.6,65.0,0.0,9.6,2.0,180.0,1.0,S ,Stasiun Geofisika Nganjuk,-7.73486,111.76682,723.0,2020-07-27,/Users/rau/Desktop/Asa/NDVI_Stasiun Geofisika Nganjuk (3)/2020-07-27.png,147.2738494873047,212.8251190185547,63.684749603271484,159.0,217.0,56.0,42.69654083251953,12.138337135314941,26.24146270751953,0.2035023421049118,6174.740015392355,0.4825864217403315,0.4788216531502175,9.22033293279219,7
2020-07-22,19.8,28.6,23.9,81.0,0.0,6.5,3.0,360.0,2.0,N ,Stasiun Geofisika Nganjuk,-7.73486,111.76682,723.0,2020-07-22,/Users/rau/Desktop/Asa/NDVI_Stasiun Geofisika Nganjuk (3)/2020-07-22.png,73.43295288085938,187.53985595703125,108.97540283203125,68.0,190.0,112.0,37.681217193603516,18.636219024658203,21.770225524902344,0.4714799225330353,4869.349465195108,0.46812431809290583,0.47978058793580847,9.58792166661142,1
2020-07-17,20.0,29.7,24.3,71.0,0.0,9.0,3.0,360.0,2.0,N ,Stasiun Geofisika Nganjuk,-7.73486,111.76682,723.0,2020-07-17,/Users/rau/Desktop/Asa/NDVI_Stasiun Geofisika Nganjuk (3)/2020-07-17.png,163.44581604003906,215.7768096923828,54.121273040771484,178.0,221.0,44.0,47.16903305053711,12.493998527526855,28.486085891723633,0.16126513481140137,6886.896444420725,0.46258710186141583,0.47759365880675486,9.2917772120731,0
2020-07-02,20.4,28.0,23.8,81.0,0.0,9.5,2.0,360.0,1.0,N ,Stasiun Geofisika Nganjuk,-7.73486,111.76682,723.0,2020-07-02,/Users/rau/Desktop/Asa/NDVI_Stasiun Geofisika Nganjuk (3)/2020-07-02.png,92.2771224975586,185.5336151123047,102.44828033447266,57.0,185.0,118.0,73.67304992675781,29.82798194885254,37.37273406982422,0.42786046862602234,4655.670839229875,0.5055539580605646,0.5526281114880711,8.767741289598966,6
2020-06-27,19.4,28.8,23.4,78.0,0.0,8.3,3.0,360.0,1.0,N ,Stasiun Geofisika Nganjuk,-7.73486,111.76682,723.0,2020-06-27,/Users/rau/Desktop/Asa/NDVI_Stasiun Geofisika Nganjuk (3)/2020-06-27.png,157.17637634277344,215.2359161376953,57.47239685058594,170.0,219.0,50.0,39.567039489746094,10.771079063415527,24.409072875976562,0.17319907248020172,6380.613405214297,0.4944118509816089,0.49231456521960265,8.698213916973412,0
2020-06-22,20.0,29.2,24.6,78.0,0.0,7.3,2.0,360.0,1.0,N ,Stasiun Geofisika Nganjuk,-7.73486,111.76682,723.0,2020-06-22,/Users/rau/Desktop/Asa/NDVI_Stasiun Geofisika Nganjuk (3)/2020-06-22.png,141.11073303222656,210.86985778808594,67.41049194335938,157.0,217.0,58.0,46.06218719482422,14.18331241607666,28.15456199645996,0.22537098824977875,5932.975472956281,0.48670802099243227,0.48719323569119766,9.19746087119955,0
2020-06-17,21.0,29.6,24.5,77.0,0.0,7.5,2.0,360.0,1.0,N ,Stasiun Geofisika Nganjuk,-7.73486,111.76682,723.0,2020-06-17,/Users/rau/Desktop/Asa/NDVI_Stasiun Geofisika Nganjuk (3)/2020-06-17.png,149.592529296875,213.20431518554688,62.126991271972656,167.0,219.0,51.0,43.48406219482422,12.582707405090332,26.692485809326172,0.19786104559898376,6166.637920004101,0.4943536102471788,0.4970646441102613,8.824140157887912,0
2020-06-12,19.4,28.5,23.6,73.0,0.0,6.7,1.0,360.0,1.0,E ,Stasiun Geofisika Nganjuk,-7.73486,111.76682,723.0,2020-06-12,/Users/rau/Desktop/Asa/NDVI_Stasiun Geofisika Nganjuk (3)/2020-06-12.png,164.83963012695312,216.60787963867188,52.71263122558594,181.0,221.0,43.0,40.968109130859375,10.90612506866455,25.220870971679688,0.15344594419002533,6583.7259617887885,0.5065786135220489,0.4996872886014295,8.539811676819205,0
2020-06-07,20.6,28.0,23.9,87.0,2.0,3.0,3.0,360.0,1.0,NE,Stasiun Geofisika Nganjuk,-7.73486,111.76682,723.0,2020-06-07,/Users/rau/Desktop/Asa/NDVI_Stasiun Geofisika Nganjuk (3)/2020-06-07.png,42.92053985595703,170.92840576171875,127.03734588623047,35.0,168.0,131.0,18.473236083984375,13.76159381866455,11.429006576538086,0.6121535897254944,5126.554191216393,0.49740346593471774,0.5114120790444898,8.576026503425156,2
2020-05-23,21.6,28.4,24.9,86.0,0.0,5.5,2.0,90.0,1.0,E ,Stasiun Geofisika Nganjuk,-7.73486,111.76682,723.0,2020-05-23,/Users/rau/Desktop/Asa/NDVI_Stasiun Geofisika Nganjuk (3)/2020-05-23.png,150.1577606201172,212.4141845703125,61.74153137207031,170.0,219.0,50.0,50.57633972167969,15.00809383392334,30.922574996948242,0.20247311890125275,6333.74462735347,0.5042491315724202,0.4933008930170879,9.09085013348783,0
2020-05-13,21.2,28.6,25.1,80.0,0.0,5.3,2.0,90.0,1.0,E ,Stasiun Geofisika Nganjuk,-7.73486,111.76682,723.0,2020-05-13,/Users/rau/Desktop/Asa/NDVI_Stasiun Geofisika Nganjuk (3)/2020-05-13.png,131.64224243164062,210.004150390625,73.64544677734375,144.0,214.0,67.0,32.819183349609375,10.33440113067627,19.835712432861328,0.24426549673080444,5267.334628552829,0.46194411505969074,0.49971080790990263,8.36646441803537,0
2020-05-08,22.0,30.0,26.3,81.0,0.0,9.6,2.0,90.0,1.0,E ,Stasiun Geofisika Nganjuk,-7.73486,111.76682,723.0,2020-05-08,/Users/rau/Desktop/Asa/NDVI_Stasiun Geofisika Nganjuk (3)/2020-05-08.png,131.88446044921875,208.33868408203125,73.09536743164062,146.0,215.0,65.0,46.54742431640625,15.40869140625,28.31488800048828,0.2551642060279846,5761.738390693631,0.46543187321803936,0.49014071426271083,9.180918646584665,0
2020-04-23,21.4,29.2,25.4,83.0,0.0,9.7,2.0,360.0,1.0,N ,Stasiun Geofisika Nganjuk,-7.73486,111.76682,723.0,2020-04-23,/Users/rau/Desktop/Asa/NDVI_Stasiun Geofisika Nganjuk (3)/2020-04-23.png,77.53714752197266,177.61509704589844,112.75093841552734,36.0,170.0,130.0,76.41317749023438,28.923330307006836,35.35871887207031,0.49270880222320557,4260.112483454969,0.5209172873682317,0.5689890149331392,8.179747941417116,6
2020-04-18,21.4,29.2,25.4,82.0,26.5,1.4,2.0,360.0,1.0,N ,Stasiun Geofisika Nganjuk,-7.73486,111.76682,723.0,2020-04-18,/Users/rau/Desktop/Asa/NDVI_Stasiun Geofisika Nganjuk (3)/2020-04-18.png,170.1752471923828,217.19422912597656,49.758548736572266,186.0,222.0,39.0,44.71668243408203,12.037274360656738,27.196468353271484,0.14204809069633484,7005.740512932774,0.4819894641168535,0.4931310831003777,8.758563096714132,0
2020-04-13,21.0,27.8,24.7,82.0,0.5,5.8,2.0,360.0,1.0,N ,Stasiun Geofisika Nganjuk,-7.73486,111.76682,723.0,2020-04-13,/Users/rau/Desktop/Asa/NDVI_Stasiun Geofisika Nganjuk (3)/2020-04-13.png,117.5245132446289,202.02813720703125,81.69166564941406,126.0,210.0,78.0,57.777164459228516,20.521011352539062,35.15974807739258,0.31607839465141296,5588.007999989407,0.49377250306752074,0.48861370883165267,9.61546971777078,8
2020-04-03,21.4,29.2,22.8,92.0,7.0,6.0,3.0,180.0,1.0,N ,Stasiun Geofisika Nganjuk,-7.73486,111.76682,723.0,2020-04-03,/Users/rau/Desktop/Asa/NDVI_Stasiun Geofisika Nganjuk (3)/2020-04-03.png,227.5263671875,222.59999084472656,47.43142318725586,253.0,231.0,36.0,69.29527282714844,23.614648818969727,31.256834030151367,0.03327825292944908,693.243044668173,0.6951773458042385,0.9297374713204589,1.5637716249508118,5
2020-03-19,21.2,28.8,24.2,86.0,7.0,7.5,3.0,360.0,2.0,N ,Stasiun Geofisika Nganjuk,-7.73486,111.76682,723.0,2020-03-19,/Users/rau/Desktop/Asa/NDVI_Stasiun Geofisika Nganjuk (3)/2020-03-19.png,146.01007080078125,210.60267639160156,64.2871322631836,170.0,219.0,50.0,53.4625244140625,17.728675842285156,32.796348571777344,0.21809247136116028,6331.442936115532,0.4914333541847913,0.49411419301650705,9.122350244047153,0
2020-03-14,20.6,28.4,24.7,87.0,71.0,4.5,1.0,180.0,1.0,N ,Stasiun Geofisika Nganjuk,-7.73486,111.76682,723.0,2020-03-14,/Users/rau/Desktop/Asa/NDVI_Stasiun Geofisika Nganjuk (3)/2020-03-14.png,73.24818420410156,166.59295654296875,118.53913879394531,31.0,151.0,138.0,86.18598937988281,31.895797729492188,39.7257194519043,0.5224137902259827,4120.841013875563,0.548973253309065,0.620721360406328,6.35515962241534,6
2020-02-28,20.4,27.6,23.5,90.0,42.0,6.1,2.0,360.0,1.0,N ,Stasiun Geofisika Nganjuk,-7.73486,111.76682,723.0,2020-02-28,/Users/rau/Desktop/Asa/NDVI_Stasiun Geofisika Nganjuk (3)/2020-02-28.png,107.66812896728516,178.1685791015625,102.99573516845703,32.0,153.0,138.0,105.32388305664062,38.67439651489258,48.594783782958984,0.41389912366867065,3183.4455335866824,0.6343774288964841,0.7059566080303861,5.1875577542242715,3
2020-02-23,20.6,27.0,24.0,84.0,0.0,1.4,2.0,300.0,1.0,N ,Stasiun Geofisika Nganjuk,-7.73486,111.76682,723.0,2020-02-23,/Users/rau/Desktop/Asa/NDVI_Stasiun Geofisika Nganjuk (3)/2020-02-23.png,214.73326110839844,216.4375762939453,53.863162994384766,253.0,231.0,36.0,83.77388763427734,31.905670166015625,39.105873107910156,0.07411591708660126,998.6015835964859,0.6965364107248929,0.8984046053433689,1.7456208824127204,5
2020-02-13,21.0,28.4,24.1,88.0,4.0,6.0,2.0,360.0,1.0,N ,Stasiun Geofisika Nganjuk,-7.73486,111.76682,723.0,2020-02-13,/Users/rau/Desktop/Asa/NDVI_Stasiun Geofisika Nganjuk (3)/2020-02-13.png,138.8931427001953,207.92820739746094,68.60140228271484,165.0,218.0,53.0,60.083282470703125,19.622577667236328,36.545108795166016,0.24728448688983917,6176.409437836107,0.5010011905429104,0.49166607465435835,9.395852768541541,0
2020-02-03,21.4,27.0,22.9,91.0,16.2,3.6,2.0,200.0,1.0,C ,Stasiun Geofisika Nganjuk,-7.73486,111.76682,723.0,2020-02-03,/Users/rau/Desktop/Asa/NDVI_Stasiun Geofisika Nganjuk (3)/2020-02-03.png,119.35084533691406,182.43585205078125,97.59356689453125,32.0,155.0,137.0,108.13839721679688,39.817047119140625,49.92428970336914,0.37574464082717896,3150.88159114813,0.6258186410864558,0.704550140793316,5.119400483123844,3
2020-01-29,22.0,28.5,24.6,86.0,0.0,6.1,2.0,40.0,1.0,S ,Stasiun Geofisika Nganjuk,-7.73486,111.76682,723.0,2020-01-29,/Users/rau/Desktop/Asa/NDVI_Stasiun Geofisika Nganjuk (3)/2020-01-29.png,57.820430755615234,175.8624267578125,119.51729583740234,39.0,173.0,128.0,39.6453742980957,21.421823501586914,21.779830932617188,0.5448682904243469,4826.898423764841,0.49623035330030163,0.514533207737235,9.124355269360391,1
2020-01-24,21.4,26.4,23.8,90.0,20.0,0.1,1.0,200.0,1.0,E ,Stasiun Geofisika Nganjuk,-7.73486,111.76682,723.0,2020-01-24,/Users/rau/Desktop/Asa/NDVI_Stasiun Geofisika Nganjuk (3)/2020-01-24.png,109.0274658203125,183.7696533203125,100.61471557617188,37.0,171.0,129.0,102.38296508789062,35.58357620239258,46.308143615722656,0.4061567783355713,3285.9512546843175,0.6018692497563034,0.6692085836431536,6.408202420712573,3
2020-01-19,21.4,27.6,24.8,85.0,4.5,6.9,2.0,360.0,1.0,N ,Stasiun Geofisika Nganjuk,-7.73486,111.76682,723.0,2020-01-19,/Users/rau/Desktop/Asa/NDVI_Stasiun Geofisika Nganjuk (3)/2020-01-19.png,62.703643798828125,171.26730346679688,119.57246398925781,32.0,161.0,135.0,62.40309143066406,26.35460090637207,30.663179397583008,0.5427282452583313,4774.813248498828,0.5031443485787594,0.5464520466091081,8.433750742655299,6
2019-12-25,22.0,27.4,23.4,88.0,35.5,7.5,2.0,200.0,1.0,S ,Stasiun Geofisika Nganjuk,-7.73486,111.76682,723.0,2019-12-25,/Users/rau/Desktop/Asa/NDVI_Stasiun Geofisika Nganjuk (3)/2019-12-25.png,238.505126953125,225.36300659179688,42.80510711669922,253.0,231.0,36.0,54.73385238647461,21.29669761657715,25.697444915771484,-0.0005022152327001095,342.67188848828505,0.747479186877524,0.9609481303622038,0.6888645807286236,5
2019-12-20,22.0,31.0,25.9,74.0,7.0,6.8,5.0,130.0,2.0,N ,Stasiun Geofisika Nganjuk,-7.73486,111.76682,723.0,2019-12-20,/Users/rau/Desktop/Asa/NDVI_Stasiun Geofisika Nganjuk (3)/2019-12-20.png,125.29366302490234,207.69412231445312,77.39785766601562,134.0,212.0,73.0,39.31464385986328,12.622614860534668,23.85095977783203,0.2693554162979126,5294.013234072423,0.4578881441722449,0.4815949027571882,9.164458886291339,4
2019-12-10,22.0,32.2,27.0,68.0,0.0,9.7,2.0,360.0,1.0,E ,Stasiun Geofisika Nganjuk,-7.73486,111.76682,723.0,2019-12-10,/Users/rau/Desktop/Asa/NDVI_Stasiun Geofisika Nganjuk (3)/2019-12-10.png,91.37428283691406,196.40223693847656,97.92767333984375,89.0,199.0,100.0,38.421966552734375,15.644372940063477,22.89028549194336,0.3937374949455261,4726.980575231146,0.4574608610226479,0.47536982829891455,9.57976955018298,9
2019-11-30,22.0,30.8,25.8,74.0,0.0,8.8,4.0,360.0,2.0,S ,Stasiun Geofisika Nganjuk,-7.73486,111.76682,723.0,2019-11-30,/Users/rau/Desktop/Asa/NDVI_Stasiun Geofisika Nganjuk (3)/2019-11-30.png,204.61862182617188,213.66693115234375,58.21356964111328,253.0,231.0,36.0,91.63568115234375,32.96437072753906,42.10727310180664,0.10827434062957764,1339.060725628442,0.6395490023662068,0.8813139171562601,2.397957096060991,5
2019-11-25,22.0,33.1,27.3,65.0,0.0,9.4,2.0,300.0,1.0,S ,Stasiun Geofisika Nganjuk,-7.73486,111.76682,723.0,2019-11-25,/Users/rau/Desktop/Asa/NDVI_Stasiun Geofisika Nganjuk (3)/2019-11-25.png,89.63428497314453,195.1030731201172,99.15973663330078,89.0,199.0,100.0,38.19413757324219,17.361421585083008,22.86815643310547,0.4008486866950989,4693.8570536908255,0.46376067829455075,0.4801109648611691,9.542481224319424,9
2019-11-20,21.0,32.6,27.4,64.0,0.0,6.5,2.0,90.0,1.0,E ,Stasiun Geofisika Nganjuk,-7.73486,111.76682,723.0,2019-11-20,/Users/rau/Desktop/Asa/NDVI_Stasiun Geofisika Nganjuk (3)/2019-11-20.png,69.29205322265625,185.1289825439453,111.30982971191406,59.0,186.0,117.0,36.62461853027344,19.215913772583008,21.91653823852539,0.4903821051120758,4677.0638291459345,0.48447135719187284,0.496754438372631,9.359163902382543,9
2019-11-15,22.0,34.2,26.9,68.0,23.0,6.0,10.0,180.0,5.0,S ,Stasiun Geofisika Nganjuk,-7.73486,111.76682,723.0,2019-11-15,/Users/rau/Desktop/Asa/NDVI_Stasiun Geofisika Nganjuk (3)/2019-11-15.png,115.62969970703125,204.6660614013672,83.21285247802734,119.0,208.0,82.0,42.07358169555664,13.751062393188477,25.425460815429688,0.30451270937919617,5393.296525965375,0.44514189495394124,0.46987279180400177,9.579136384299987,4
2019-11-10,20.0,34.6,28.5,59.0,0.0,9.5,3.0,90.0,2.0,E ,Stasiun Geofisika Nganjuk,-7.73486,111.76682,723.0,2019-11-10,/Users/rau/Desktop/Asa/NDVI_Stasiun Geofisika Nganjuk (3)/2019-11-10.png,110.12958526611328,202.53823852539062,86.48092651367188,112.0,206.0,86.0,44.55202865600586,15.129712104797363,26.85508918762207,0.32679659128189087,5156.950700183386,0.4491854212079941,0.4675356832291026,9.804338281472386,4
2019-11-05,19.0,31.4,26.0,68.0,0.0,4.4,3.0,360.0,2.0,N ,Stasiun Geofisika Nganjuk,-7.73486,111.76682,723.0,2019-11-05,/Users/rau/Desktop/Asa/NDVI_Stasiun Geofisika Nganjuk (3)/2019-11-05.png,109.40485382080078,202.97674560546875,87.04582214355469,112.0,206.0,86.0,40.078922271728516,13.597455978393555,24.03862762451172,0.3251435458660126,5040.035623997243,0.45347753120036416,0.47016541796644196,9.554038265410172,9
2019-10-26,20.0,32.0,26.7,62.0,0.0,10.5,1.0,90.0,1.0,E ,Stasiun Geofisika Nganjuk,-7.73486,111.76682,723.0,2019-10-26,/Users/rau/Desktop/Asa/NDVI_Stasiun Geofisika Nganjuk (3)/2019-10-26.png,97.03672790527344,199.19874572753906,94.54173278808594,98.0,202.0,95.0,36.46763610839844,13.564445495605469,21.56593894958496,0.3691457211971283,4637.976564317889,0.4557999246463787,0.4711656832822352,9.495097308876787,9
2019-10-21,22.0,33.6,29.5,48.0,0.0,9.4,8.0,90.0,3.0,E ,Stasiun Geofisika Nganjuk,-7.73486,111.76682,723.0,2019-10-21,/Users/rau/Desktop/Asa/NDVI_Stasiun Geofisika Nganjuk (3)/2019-10-21.png,103.3254165649414,200.6773223876953,90.63655853271484,103.0,204.0,92.0,41.79756164550781,14.741984367370605,25.015695571899414,0.34963759779930115,4911.631993350388,0.4517100462951692,0.46645087867913193,9.749934726996417,4
2019-10-11,19.0,32.6,27.6,52.0,0.0,8.8,8.0,90.0,5.0,E ,Stasiun Geofisika Nganjuk,-7.73486,111.76682,723.0,2019-10-11,/Users/rau/Desktop/Asa/NDVI_Stasiun Geofisika Nganjuk (3)/2019-10-11.png,104.71508026123047,201.27752685546875,89.82427978515625,105.0,204.0,91.0,41.08518981933594,14.35004711151123,24.589344024658203,0.34364598989486694,4962.6693685354985,0.4509924100835716,0.46776637290176903,9.68574411597412,4
2019-10-06,20.0,32.0,26.2,58.0,0.0,9.7,2.0,20.0,1.0,N ,Stasiun Geofisika Nganjuk,-7.73486,111.76682,723.0,2019-10-06,/Users/rau/Desktop/Asa/NDVI_Stasiun Geofisika Nganjuk (3)/2019-10-06.png,102.96546173095703,200.81434631347656,90.91744995117188,105.0,204.0,91.0,39.792415618896484,14.23974895477295,23.719995498657227,0.3492421805858612,4963.94709917036,0.4499288507289754,0.46882225419470713,9.622674158838015,9
2019-10-01,20.0,32.2,26.2,52.0,0.0,8.9,2.0,30.0,1.0,NE,Stasiun Geofisika Nganjuk,-7.73486,111.76682,723.0,2019-10-01,/Users/rau/Desktop/Asa/NDVI_Stasiun Geofisika Nganjuk (3)/2019-10-01.png,86.2392807006836,196.497802734375,101.10774230957031,87.0,198.0,101.0,26.26700210571289,10.60937786102295,15.118841171264648,0.40453583002090454,4419.079731744268,0.4703285642219453,0.48249767975045565,8.831330729593216,9
2019-09-26,20.0,32.0,25.8,68.0,0.0,8.3,3.0,90.0,2.0,E ,Stasiun Geofisika Nganjuk,-7.73486,111.76682,723.0,2019-09-26,/Users/rau/Desktop/Asa/NDVI_Stasiun Geofisika Nganjuk (3)/2019-09-26.png,69.12507629394531,186.2935028076172,111.3406982421875,62.0,188.0,115.0,34.122642517089844,17.253536224365234,19.782913208007812,0.4883878231048584,4730.816183513752,0.4702348896781498,0.47885362506567686,9.56007924048594,9
2019-09-21,19.0,30.0,24.6,67.0,0.0,6.5,2.0,360.0,2.0,N ,Stasiun Geofisika Nganjuk,-7.73486,111.76682,723.0,2019-09-21,/Users/rau/Desktop/Asa/NDVI_Stasiun Geofisika Nganjuk (3)/2019-09-21.png,96.58340454101562,198.71066284179688,94.96711730957031,98.0,202.0,95.0,35.876827239990234,14.720175743103027,21.34925651550293,0.3702661693096161,4691.8616040906,0.4564107881631526,0.47702864893394725,9.336761286696397,9
2019-09-16,19.0,30.4,24.1,72.0,0.0,8.0,3.0,90.0,2.0,E ,Stasiun Geofisika Nganjuk,-7.73486,111.76682,723.0,2019-09-16,/Users/rau/Desktop/Asa/NDVI_Stasiun Geofisika Nganjuk (3)/2019-09-16.png,113.8837890625,204.01535034179688,84.24761199951172,119.0,208.0,82.0,42.90625,14.211758613586426,25.877429962158203,0.3116552531719208,5258.678988173938,0.44855163465155357,0.4682436324725711,9.668005750862168,7
2019-09-11,20.0,31.2,25.6,59.0,0.0,9.2,5.0,200.0,2.0,N ,Stasiun Geofisika Nganjuk,-7.73486,111.76682,723.0,2019-09-11,/Users/rau/Desktop/Asa/NDVI_Stasiun Geofisika Nganjuk (3)/2019-09-11.png,106.49260711669922,202.41200256347656,88.89186096191406,109.0,206.0,88.0,37.07293701171875,12.921819686889648,22.076900482177734,0.3333702087402344,4810.904787609558,0.458021436402549,0.47435699195721204,9.367313632309646,4
2019-09-06,18.0,30.4,24.1,65.0,0.0,9.3,2.0,360.0,1.0,N ,Stasiun Geofisika Nganjuk,-7.73486,111.76682,723.0,2019-09-06,/Users/rau/Desktop/Asa/NDVI_Stasiun Geofisika Nganjuk (3)/2019-09-06.png,103.94092559814453,201.95443725585938,90.50743103027344,107.0,205.0,89.0,34.235496520996094,12.074339866638184,20.28451919555664,0.34039610624313354,4809.359697170271,0.45906882756118056,0.475712458436267,9.245260651899446,9
2019-09-01,19.0,31.0,24.7,68.0,0.0,9.4,1.0,270.0,1.0,N ,Stasiun Geofisika Nganjuk,-7.73486,111.76682,723.0,2019-09-01,/Users/rau/Desktop/Asa/NDVI_Stasiun Geofisika Nganjuk (3)/2019-09-01.png,112.51303100585938,203.96022033691406,85.17183685302734,116.0,208.0,84.0,40.006351470947266,13.403120040893555,24.029991149902344,0.3139367699623108,5089.106014015607,0.44997800780560776,0.4716792835542292,9.479551909329842,9
2019-08-27,20.0,29.4,24.5,76.0,0.0,8.0,2.0,300.0,1.0,W ,Stasiun Geofisika Nganjuk,-7.73486,111.76682,723.0,2019-08-27,/Users/rau/Desktop/Asa/NDVI_Stasiun Geofisika Nganjuk (3)/2019-08-27.png,66.9754638671875,164.63497924804688,121.32402038574219,31.0,151.0,138.0,80.96196746826172,29.892562866210938,37.28298568725586,0.5435177683830261,4203.156903968617,0.5539489679146192,0.6109043764509631,6.493655502784252,6
2019-08-22,20.0,29.0,23.7,75.0,0.0,10.0,3.0,360.0,1.0,N ,Stasiun Geofisika Nganjuk,-7.73486,111.76682,723.0,2019-08-22,/Users/rau/Desktop/Asa/NDVI_Stasiun Geofisika Nganjuk (3)/2019-08-22.png,88.42153930664062,196.412841796875,99.7489013671875,89.0,199.0,100.0,32.185577392578125,13.203893661499023,18.79154396057129,0.4005727469921112,4634.1199121560285,0.45117106782765026,0.47505398692448847,9.2776649355428,9
2019-08-17,19.0,30.0,24.1,68.0,0.0,10.0,2.0,360.0,1.0,N ,Stasiun Geofisika Nganjuk,-7.73486,111.76682,723.0,2019-08-17,/Users/rau/Desktop/Asa/NDVI_Stasiun Geofisika Nganjuk (3)/2019-08-17.png,112.38570404052734,204.37510681152344,85.32027435302734,114.0,207.0,85.0,37.1748046875,12.065120697021484,22.311906814575195,0.3115827143192291,5023.452966462153,0.4532827350310136,0.47515985803336513,9.296956208309174,7
2019-08-12,18.0,30.0,23.6,74.0,0.0,9.7,3.0,360.0,2.0,N ,Stasiun Geofisika Nganjuk,-7.73486,111.76682,723.0,2019-08-12,/Users/rau/Desktop/Asa/NDVI_Stasiun Geofisika Nganjuk (3)/2019-08-12.png,121.57698822021484,206.48341369628906,79.59544372558594,126.0,210.0,78.0,41.73759841918945,13.16196346282959,25.310558319091797,0.2836330533027649,5459.332647031734,0.4469869645794472,0.4715652502981593,9.512977362276152,7
2019-08-02,17.0,29.6,23.3,69.0,0.0,10.0,2.0,360.0,1.0,E ,Stasiun Geofisika Nganjuk,-7.73486,111.76682,723.0,2019-08-02,/Users/rau/Desktop/Asa/NDVI_Stasiun Geofisika Nganjuk (3)/2019-08-02.png,95.32746887207031,192.90365600585938,98.20153045654297,94.0,201.0,97.0,56.79697036743164,23.890146255493164,29.742130279541016,0.3939187526702881,4744.141375182058,0.47895630389100685,0.510773443073207,9.28200517079405,8
2019-07-28,18.0,30.0,23.6,68.0,0.0,9.5,2.0,270.0,1.0,W ,Stasiun Geofisika Nganjuk,-7.73486,111.76682,723.0,2019-07-28,/Users/rau/Desktop/Asa/NDVI_Stasiun Geofisika Nganjuk (3)/2019-07-28.png,121.67512512207031,207.04237365722656,79.67073822021484,129.0,211.0,76.0,37.468868255615234,11.62562084197998,22.67699432373047,0.2796051502227783,5269.502438461999,0.45259816230841,0.47720881848430946,9.2091703050875,7
2019-07-23,19.0,30.0,23.3,68.0,0.0,9.8,12.0,360.0,2.0,E ,Stasiun Geofisika Nganjuk,-7.73486,111.76682,723.0,2019-07-23,/Users/rau/Desktop/Asa/NDVI_Stasiun Geofisika Nganjuk (3)/2019-07-23.png,132.96762084960938,209.4351043701172,72.57955932617188,139.0,213.0,70.0,43.341407775878906,12.605925559997559,26.510427474975586,0.2472144216299057,5814.891816143498,0.4569974547642811,0.4731622924933744,9.507899706618575,4
2019-07-18,19.0,30.0,24.7,66.0,0.0,9.3,3.0,90.0,2.0,E ,Stasiun Geofisika Nganjuk,-7.73486,111.76682,723.0,2019-07-18,/Users/rau/Desktop/Asa/NDVI_Stasiun Geofisika Nganjuk (3)/2019-07-18.png,138.21762084960938,210.3059844970703,69.3145751953125,146.0,215.0,65.0,46.8493766784668,13.510113716125488,28.64735984802246,0.23379841446876526,6151.136559033892,0.4513564195374276,0.46941061635587267,9.653602355129522,7
2019-07-13,19.0,28.8,23.3,64.0,0.0,8.0,2.0,300.0,1.0,W ,Stasiun Geofisika Nganjuk,-7.73486,111.76682,723.0,2019-07-13,/Users/rau/Desktop/Asa/NDVI_Stasiun Geofisika Nganjuk (3)/2019-07-13.png,138.53738403320312,210.9185791015625,69.13871002197266,146.0,215.0,65.0,42.4569091796875,11.99931812286377,26.066417694091797,0.22907674312591553,5989.911852059591,0.46455522464358834,0.4740785883487055,9.391810893891206,7
2019-07-08,19.0,30.0,23.0,76.0,0.0,8.5,4.0,50.0,2.0,N ,Stasiun Geofisika Nganjuk,-7.73486,111.76682,723.0,2019-07-08,/Users/rau/Desktop/Asa/NDVI_Stasiun Geofisika Nganjuk (3)/2019-07-08.png,69.17484283447266,181.16746520996094,112.56289672851562,53.0,183.0,120.0,43.32499313354492,23.85836410522461,25.51008415222168,0.49427530169487,4824.401623877307,0.4805579702084114,0.5099612049991462,9.219194220750493,1
2019-07-03,19.0,31.2,24.9,73.0,0.0,9.1,2.0,360.0,1.0,N ,Stasiun Geofisika Nganjuk,-7.73486,111.76682,723.0,2019-07-03,/Users/rau/Desktop/Asa/NDVI_Stasiun Geofisika Nganjuk (3)/2019-07-03.png,141.86964416503906,211.3612060546875,67.07463836669922,151.0,216.0,62.0,45.18302536010742,12.895660400390625,27.68189239501953,0.2212865650653839,6203.617002681319,0.4634334507674993,0.47287208077492904,9.511616255528594,7
2019-06-28,18.0,30.0,23.0,72.0,0.0,5.0,5.0,360.0,2.0,NE,Stasiun Geofisika Nganjuk,-7.73486,111.76682,723.0,2019-06-28,/Users/rau/Desktop/Asa/NDVI_Stasiun Geofisika Nganjuk (3)/2019-06-28.png,142.96563720703125,212.042236328125,66.4062271118164,151.0,216.0,62.0,41.3365478515625,11.6513671875,25.40686798095703,0.21498170495033264,6078.430702532727,0.4725164242642631,0.4763189656321274,9.279976795022876,7
2019-06-23,18.0,29.0,23.4,68.0,0.0,9.3,2.0,200.0,1.0,N ,Stasiun Geofisika Nganjuk,-7.73486,111.76682,723.0,2019-06-23,/Users/rau/Desktop/Asa/NDVI_Stasiun Geofisika Nganjuk (3)/2019-06-23.png,129.3618621826172,209.24075317382812,74.98234558105469,136.0,213.0,71.0,36.49728012084961,10.711193084716797,22.287090301513672,0.25333842635154724,5490.78685841098,0.4516070762604743,0.48063105210948887,9.143684354725043,7
2019-06-18,18.0,29.0,23.1,70.0,0.0,9.5,1.0,200.0,1.0,N ,Stasiun Geofisika Nganjuk,-7.73486,111.76682,723.0,2019-06-18,/Users/rau/Desktop/Asa/NDVI_Stasiun Geofisika Nganjuk (3)/2019-06-18.png,154.31532287597656,214.25990295410156,59.43979263305664,165.0,218.0,53.0,44.18463134765625,11.882070541381836,27.037742614746094,0.18410426378250122,6410.890752678626,0.47804157114252765,0.4775594749084505,9.29956155078132,7
2019-06-13,21.0,31.0,25.4,74.0,0.0,8.0,2.0,360.0,1.0,N ,Stasiun Geofisika Nganjuk,-7.73486,111.76682,723.0,2019-06-13,/Users/rau/Desktop/Asa/NDVI_Stasiun Geofisika Nganjuk (3)/2019-06-13.png,120.51949310302734,207.15692138671875,80.5235366821289,121.0,209.0,81.0,34.57199478149414,10.073987007141113,21.040653228759766,0.28049391508102417,5137.704441690032,0.4588181803710383,0.4919443272963154,9.007100079668902,9
2019-06-08,20.0,28.6,23.7,77.0,0.0,4.0,1.0,180.0,1.0,N ,Stasiun Geofisika Nganjuk,-7.73486,111.76682,723.0,2019-06-08,/Users/rau/Desktop/Asa/NDVI_Stasiun Geofisika Nganjuk (3)/2019-06-08.png,91.35345458984375,193.9915313720703,98.0341796875,91.0,200.0,98.0,46.05335998535156,20.317689895629883,27.836322784423828,0.40252766013145447,5046.425528036063,0.464651524494359,0.48779237034292533,9.634218993415004,8
2019-05-29,21.0,30.2,25.1,76.0,0.0,9.6,2.0,20.0,1.0,N ,Stasiun Geofisika Nganjuk,-7.73486,111.76682,723.0,2019-05-29,/Users/rau/Desktop/Asa/NDVI_Stasiun Geofisika Nganjuk (3)/2019-05-29.png,85.02367401123047,184.7237548828125,105.71209716796875,56.0,185.0,118.0,66.61066436767578,27.557950973510742,33.740020751953125,0.44903936982154846,4501.040689285929,0.5081211265199801,0.536591977115268,8.960013692388188,1
2019-05-24,21.0,29.5,24.6,75.0,0.0,8.5,3.0,360.0,1.0,N ,Stasiun Geofisika Nganjuk,-7.73486,111.76682,723.0,2019-05-24,/Users/rau/Desktop/Asa/NDVI_Stasiun Geofisika Nganjuk (3)/2019-05-24.png,53.82065200805664,165.8226776123047,124.77748107910156,31.0,155.0,137.0,54.666996002197266,24.234134674072266,27.017122268676758,0.5752454400062561,4677.585439263846,0.5203883825396397,0.5645263724936189,7.963737587702162,6
2019-05-19,18.0,29.4,23.9,78.0,0.0,8.6,2.0,360.0,1.0,N ,Stasiun Geofisika Nganjuk,-7.73486,111.76682,723.0,2019-05-19,/Users/rau/Desktop/Asa/NDVI_Stasiun Geofisika Nganjuk (3)/2019-05-19.png,134.88002014160156,210.0542449951172,71.3956298828125,146.0,215.0,65.0,40.6703987121582,12.48997688293457,24.808612823486328,0.23978959023952484,5665.920677011366,0.4607237935533378,0.48741924913740164,8.994244853596378,7
2019-05-14,22.0,30.4,25.4,80.0,0.0,7.4,1.0,210.0,1.0,E ,Stasiun Geofisika Nganjuk,-7.73486,111.76682,723.0,2019-05-14,/Users/rau/Desktop/Asa/NDVI_Stasiun Geofisika Nganjuk (3)/2019-05-14.png,141.11447143554688,208.9820098876953,67.59514617919922,162.0,218.0,55.0,52.32581329345703,19.483213424682617,32.21730041503906,0.2315601408481598,6119.409768557186,0.49709636339686525,0.49457463025749193,9.11965414009903,0
2019-05-09,21.0,28.4,24.6,82.0,0.0,7.0,2.0,360.0,1.0,N ,Stasiun Geofisika Nganjuk,-7.73486,111.76682,723.0,2019-05-09,/Users/rau/Desktop/Asa/NDVI_Stasiun Geofisika Nganjuk (3)/2019-05-09.png,41.33579635620117,163.06234741210938,130.35568237304688,31.0,158.0,136.0,33.96550750732422,17.066814422607422,16.932771682739258,0.62374347448349,5058.406858521401,0.5043658884863909,0.5326477462513272,8.208840182918864,2
2019-05-04,21.4,28.8,24.9,78.0,0.0,5.1,2.0,40.0,1.0,N ,Stasiun Geofisika Nganjuk,-7.73486,111.76682,723.0,2019-05-04,/Users/rau/Desktop/Asa/NDVI_Stasiun Geofisika Nganjuk (3)/2019-05-04.png,171.1034393310547,217.45928955078125,49.15571212768555,189.0,222.0,38.0,44.19472122192383,11.607176780700684,26.911466598510742,0.13919709622859955,7117.264327521237,0.4775356566507043,0.4950789421774968,8.6207273808763,0
2019-04-19,21.4,29.4,24.7,84.0,0.2,7.6,2.0,90.0,1.0,E ,Stasiun Geofisika Nganjuk,-7.73486,111.76682,723.0,2019-04-19,/Users/rau/Desktop/Asa/NDVI_Stasiun Geofisika Nganjuk (3)/2019-04-19.png,159.48257446289062,215.13136291503906,56.034000396728516,178.0,221.0,44.0,44.762779235839844,12.558500289916992,27.46424102783203,0.1708906888961792,6490.456661421871,0.5056844346146179,0.49556710972422413,8.811260205943531,0
2019-04-09,20.8,28.2,24.3,90.0,58.0,7.6,2.0,360.0,1.0,N ,Stasiun Geofisika Nganjuk,-7.73486,111.76682,723.0,2019-04-09,/Users/rau/Desktop/Asa/NDVI_Stasiun Geofisika Nganjuk (3)/2019-04-09.png,108.38359069824219,185.9060516357422,99.86680603027344,47.0,179.0,123.0,98.5212631225586,33.96402359008789,44.3964958190918,0.4010991156101227,3206.8817764830023,0.6182912736027891,0.6423258339428135,6.890316190075534,3
2019-04-04,20.8,27.6,22.6,90.0,0.0,6.5,1.0,360.0,1.0,S ,Stasiun Geofisika Nganjuk,-7.73486,111.76682,723.0,2019-04-04,/Users/rau/Desktop/Asa/NDVI_Stasiun Geofisika Nganjuk (3)/2019-04-04.png,96.8359603881836,196.70086669921875,94.91527557373047,103.0,204.0,92.0,43.958065032958984,19.274932861328125,26.069520950317383,0.37812358140945435,4788.1716422653635,0.4641030722247711,0.5033359513857145,9.191261940676181,8
2019-03-30,20.2,29.0,23.2,76.0,0.0,4.2,2.0,360.0,1.0,N ,Stasiun Geofisika Nganjuk,-7.73486,111.76682,723.0,2019-03-30,/Users/rau/Desktop/Asa/NDVI_Stasiun Geofisika Nganjuk (3)/2019-03-30.png,81.59709930419922,190.1248016357422,103.74296569824219,71.0,192.0,110.0,44.66736602783203,20.14609146118164,26.744232177734375,0.44350603222846985,4705.446226718457,0.4941769379788457,0.5031153974248006,9.326594692321232,1
2019-03-25,21.2,29.0,24.2,86.0,0.7,0.5,3.0,360.0,1.0,N ,Stasiun Geofisika Nganjuk,-7.73486,111.76682,723.0,2019-03-25,/Users/rau/Desktop/Asa/NDVI_Stasiun Geofisika Nganjuk (3)/2019-03-25.png,89.19686889648438,185.3822021484375,103.38069915771484,59.0,186.0,117.0,70.35419464111328,28.691234588623047,36.54713439941406,0.4360828101634979,4649.716319280859,0.5169440972402216,0.5453310538240023,9.013894027695677,6
2019-03-20,20.2,27.8,23.9,89.0,24.0,4.8,2.0,360.0,1.0,N ,Stasiun Geofisika Nganjuk,-7.73486,111.76682,723.0,2019-03-20,/Users/rau/Desktop/Asa/NDVI_Stasiun Geofisika Nganjuk (3)/2019-03-20.png,38.90415573120117,160.2181854248047,132.27273559570312,31.0,156.0,137.0,37.773441314697266,15.294593811035156,17.490478515625,0.6409134864807129,5052.607915504714,0.5203445968712401,0.5900414424119876,7.223830395001299,2
2019-03-10,20.4,28.0,24.0,85.0,0.0,6.6,2.0,90.0,1.0,E ,Stasiun Geofisika Nganjuk,-7.73486,111.76682,723.0,2019-03-10,/Users/rau/Desktop/Asa/NDVI_Stasiun Geofisika Nganjuk (3)/2019-03-10.png,78.34356689453125,175.15753173828125,113.71257019042969,32.0,164.0,133.0,84.66484832763672,30.160066604614258,38.52997589111328,0.503065288066864,4428.00714322521,0.5291375772055873,0.5809094654443363,7.7989122360914696,6
2019-03-05,21.0,28.0,23.2,85.0,50.0,3.5,3.0,90.0,1.0,W ,Stasiun Geofisika Nganjuk,-7.73486,111.76682,723.0,2019-03-05,/Users/rau/Desktop/Asa/NDVI_Stasiun Geofisika Nganjuk (3)/2019-03-05.png,96.8703384399414,180.8169708251953,105.32262420654297,34.0,167.0,132.0,93.7850570678711,33.86494827270508,42.85307312011719,0.4375653862953186,3528.753249330119,0.5958399172208851,0.6554103769156792,6.953055636258991,3
2019-02-23,19.4,27.2,23.9,85.0,22.0,5.0,1.0,180.0,1.0,N ,Stasiun Geofisika Nganjuk,-7.73486,111.76682,723.0,2019-02-23,/Users/rau/Desktop/Asa/NDVI_Stasiun Geofisika Nganjuk (3)/2019-02-23.png,80.7979736328125,174.63514709472656,112.33870697021484,32.0,159.0,136.0,83.41500091552734,31.935497283935547,39.46692657470703,0.48809176683425903,4183.597074716391,0.5555805878910649,0.6093114241111091,7.434920762907232,6
2019-02-18,20.0,28.5,23.6,85.0,4.0,6.0,2.0,90.0,1.0,N ,Stasiun Geofisika Nganjuk,-7.73486,111.76682,723.0,2019-02-18,/Users/rau/Desktop/Asa/NDVI_Stasiun Geofisika Nganjuk (3)/2019-02-18.png,142.7065887451172,210.2241668701172,66.18449401855469,165.0,218.0,53.0,54.3673210144043,16.342798233032227,33.131893157958984,0.22866714000701904,5906.478677534918,0.5203078269933606,0.49895593535294835,9.093360919319045,0
2019-02-13,20.0,29.0,24.0,78.0,0.0,2.0,3.0,360.0,2.0,N ,Stasiun Geofisika Nganjuk,-7.73486,111.76682,723.0,2019-02-13,/Users/rau/Desktop/Asa/NDVI_Stasiun Geofisika Nganjuk (3)/2019-02-13.png,137.0464324951172,209.57635498046875,70.00071716308594,146.0,215.0,65.0,47.429649353027344,15.247273445129395,29.084720611572266,0.2387247234582901,5772.249215592261,0.49602443995790835,0.49134947375205085,9.268925264044789,0
2019-02-08,21.0,27.2,23.4,91.0,57.5,5.5,2.0,90.0,1.0,S ,Stasiun Geofisika Nganjuk,-7.73486,111.76682,723.0,2019-02-08,/Users/rau/Desktop/Asa/NDVI_Stasiun Geofisika Nganjuk (3)/2019-02-08.png,69.44867706298828,175.39987182617188,114.99472045898438,33.0,167.0,132.0,63.51165771484375,27.48114776611328,32.713260650634766,0.5134081244468689,4655.212228560045,0.5169808390362184,0.5479623096328576,8.717484714840193,6
2019-02-03,20.0,27.6,23.7,87.0,21.0,4.3,2.0,360.0,1.0,N ,Stasiun Geofisika Nganjuk,-7.73486,111.76682,723.0,2019-02-03,/Users/rau/Desktop/Asa/NDVI_Stasiun Geofisika Nganjuk (3)/2019-02-03.png,48.042152404785156,169.91436767578125,124.83137512207031,31.0,163.0,134.0,32.04787063598633,19.157812118530273,19.83308219909668,0.5914443135261536,4934.794972770272,0.5088935322821203,0.5463114294114837,8.43878817321054,2
2019-01-09,21.2,29.8,26.0,78.0,0.0,6.2,3.0,180.0,1.0,N ,Stasiun Geofisika Nganjuk,-7.73486,111.76682,723.0,2019-01-09,/Users/rau/Desktop/Asa/NDVI_Stasiun Geofisika Nganjuk (3)/2019-01-09.png,57.61752700805664,177.5324249267578,118.55801391601562,40.0,174.0,127.0,34.76389694213867,19.870502471923828,21.1506404876709,0.5453365445137024,5072.040672857602,0.48620737529964075,0.5033992482032847,9.207001999531741,1
2018-10-31,22.0,31.4,27.1,60.0,0.0,9.4,2.0,360.0,1.0,N ,Stasiun Geofisika Nganjuk,-7.73486,111.76682,723.0,2018-10-31,/Users/rau/Desktop/Asa/NDVI_Stasiun Geofisika Nganjuk (3)/2018-10-31.png,96.20296478271484,198.89862060546875,95.01966857910156,96.0,201.0,96.0,36.61479949951172,13.618409156799316,21.625328063964844,0.37263184785842896,4681.8674951271605,0.4549063774830726,0.47181868165079915,9.482525478040372,9
2018-10-26,20.0,32.6,26.8,60.0,0.0,9.0,1.0,180.0,1.0,E ,Stasiun Geofisika Nganjuk,-7.73486,111.76682,723.0,2018-10-26,/Users/rau/Desktop/Asa/NDVI_Stasiun Geofisika Nganjuk (3)/2018-10-26.png,75.78433990478516,188.53106689453125,107.59999084472656,75.0,194.0,108.0,35.494178771972656,19.078720092773438,21.242860794067383,0.45881587266921997,4851.033826958184,0.4643119324927472,0.48802603185981164,9.354427871209534,9
2018-10-21,21.0,31.0,25.6,70.0,0.0,6.2,2.0,10.0,1.0,E ,Stasiun Geofisika Nganjuk,-7.73486,111.76682,723.0,2018-10-21,/Users/rau/Desktop/Asa/NDVI_Stasiun Geofisika Nganjuk (3)/2018-10-21.png,78.19495391845703,193.0748748779297,105.69453430175781,75.0,194.0,108.0,27.092632293701172,11.392476081848145,15.606192588806152,0.4401056468486786,4078.1068490324706,0.4984324913514133,0.48454952306178717,8.98518612712092,9
2018-10-16,21.0,32.4,26.7,64.0,0.0,9.2,2.0,360.0,1.0,N ,Stasiun Geofisika Nganjuk,-7.73486,111.76682,723.0,2018-10-16,/Users/rau/Desktop/Asa/NDVI_Stasiun Geofisika Nganjuk (3)/2018-10-16.png,100.13807678222656,200.078125,92.6317367553711,100.0,203.0,93.0,38.49109649658203,13.816606521606445,22.87752342224121,0.35875630378723145,4833.029987016235,0.448219790941685,0.4692325668366687,9.579173115886928,9
2018-10-11,18.0,32.0,25.4,72.0,0.0,9.0,3.0,90.0,2.0,E ,Stasiun Geofisika Nganjuk,-7.73486,111.76682,723.0,2018-10-11,/Users/rau/Desktop/Asa/NDVI_Stasiun Geofisika Nganjuk (3)/2018-10-11.png,101.96199035644531,200.50070190429688,91.51514434814453,103.0,204.0,92.0,39.9400634765625,14.17229175567627,23.813039779663086,0.35304754972457886,4873.573003805626,0.4536176779640134,0.4682074896831654,9.67000183928207,9
2018-10-01,20.0,31.2,25.9,69.0,0.0,9.0,2.0,360.0,1.0,N ,Stasiun Geofisika Nganjuk,-7.73486,111.76682,723.0,2018-10-01,/Users/rau/Desktop/Asa/NDVI_Stasiun Geofisika Nganjuk (3)/2018-10-01.png,71.71617889404297,188.46490478515625,109.8770523071289,69.0,191.0,111.0,29.394062042236328,15.824697494506836,17.10581398010254,0.4709148705005646,4394.946201784206,0.4769727501490824,0.48288911834557696,9.252918068508942,9
2018-09-26,20.0,31.8,25.7,61.0,0.0,9.0,2.0,360.0,1.0,N ,Stasiun Geofisika Nganjuk,-7.73486,111.76682,723.0,2018-09-26,/Users/rau/Desktop/Asa/NDVI_Stasiun Geofisika Nganjuk (3)/2018-09-26.png,102.6602783203125,201.0698699951172,91.17288970947266,105.0,204.0,91.0,37.61769104003906,13.345904350280762,22.37237548828125,0.3482302129268646,4810.263105271644,0.4544626460101756,0.4703986699806475,9.509212770177927,9
2018-09-21,21.0,32.2,24.9,59.0,0.0,3.1,3.0,360.0,1.0,N ,Stasiun Geofisika Nganjuk,-7.73486,111.76682,723.0,2018-09-21,/Users/rau/Desktop/Asa/NDVI_Stasiun Geofisika Nganjuk (3)/2018-09-21.png,105.57948303222656,201.94393920898438,89.40756225585938,109.0,206.0,88.0,38.25818634033203,13.422786712646484,22.81473731994629,0.3378086984157562,4882.74644142682,0.4514508781218796,0.46886046621223887,9.522837295545594,9
2018-09-16,19.0,29.6,24.5,66.0,0.0,8.6,5.0,90.0,3.0,E ,Stasiun Geofisika Nganjuk,-7.73486,111.76682,723.0,2018-09-16,/Users/rau/Desktop/Asa/NDVI_Stasiun Geofisika Nganjuk (3)/2018-09-16.png,99.60150146484375,200.43312072753906,93.0832290649414,103.0,204.0,92.0,34.41546630859375,12.504192352294922,20.317659378051758,0.35716167092323303,4611.855221101944,0.4581299057612451,0.473292768611851,9.299637130015515,4
2018-09-11,19.0,31.0,25.1,65.0,0.0,9.5,4.0,20.0,2.0,N ,Stasiun Geofisika Nganjuk,-7.73486,111.76682,723.0,2018-09-11,/Users/rau/Desktop/Asa/NDVI_Stasiun Geofisika Nganjuk (3)/2018-09-11.png,111.64849853515625,203.55438232421875,85.65481567382812,114.0,207.0,85.0,41.210391998291016,13.774825096130371,24.779315948486328,0.3180505037307739,5131.577988950109,0.45174349639071426,0.4669804992354446,9.630508698945032,4
2018-09-06,20.0,30.4,24.4,74.0,0.0,7.0,2.0,270.0,1.0,N ,Stasiun Geofisika Nganjuk,-7.73486,111.76682,723.0,2018-09-06,/Users/rau/Desktop/Asa/NDVI_Stasiun Geofisika Nganjuk (3)/2018-09-06.png,106.04414367675781,201.48117065429688,89.0392837524414,109.0,206.0,88.0,41.72427749633789,14.977214813232422,24.98831558227539,0.3395717442035675,4982.213940517426,0.45432318394438104,0.4685302132568324,9.633269209191093,8
2018-08-27,19.0,29.4,23.8,75.0,0.0,9.4,3.0,360.0,1.0,E ,Stasiun Geofisika Nganjuk,-7.73486,111.76682,723.0,2018-08-27,/Users/rau/Desktop/Asa/NDVI_Stasiun Geofisika Nganjuk (3)/2018-08-27.png,138.34994506835938,187.52474975585938,89.46321105957031,32.0,155.0,137.0,110.759765625,42.07740020751953,51.646053314208984,0.3133486807346344,2275.354317678604,0.7012610367416345,0.7764300867424028,3.775857197262145,3
2018-08-22,16.0,30.0,23.3,77.0,0.0,7.8,3.0,90.0,1.0,E ,Stasiun Geofisika Nganjuk,-7.73486,111.76682,723.0,2018-08-22,/Users/rau/Desktop/Asa/NDVI_Stasiun Geofisika Nganjuk (3)/2018-08-22.png,56.18122100830078,164.08749389648438,125.14393615722656,31.0,153.0,138.0,67.11280822753906,25.231468200683594,30.78877067565918,0.5778342485427856,4605.089986992894,0.5333534833930397,0.5730719263211423,7.451487180445561,6
2018-08-17,18.0,30.0,22.4,65.0,0.0,9.8,3.0,360.0,1.0,N ,Stasiun Geofisika Nganjuk,-7.73486,111.76682,723.0,2018-08-17,/Users/rau/Desktop/Asa/NDVI_Stasiun Geofisika Nganjuk (3)/2018-08-17.png,116.89496612548828,205.6717987060547,82.5876693725586,124.0,210.0,79.0,37.343994140625,11.9601469039917,22.492624282836914,0.29591041803359985,5149.146347219788,0.4557373170539175,0.4743562975294684,9.28259905303672,7
2018-08-12,19.0,28.2,23.5,72.0,0.0,8.8,3.0,360.0,2.0,N ,Stasiun Geofisika Nganjuk,-7.73486,111.76682,723.0,2018-08-12,/Users/rau/Desktop/Asa/NDVI_Stasiun Geofisika Nganjuk (3)/2018-08-12.png,106.00306701660156,202.68849182128906,89.30364990234375,112.0,206.0,86.0,33.650962829589844,11.772761344909668,19.939958572387695,0.33224233984947205,4813.547359074577,0.44492427094030407,0.4752861864862419,9.141611998458075,7
2018-08-07,17.0,29.2,23.4,65.0,0.0,9.0,2.0,90.0,1.0,E ,Stasiun Geofisika Nganjuk,-7.73486,111.76682,723.0,2018-08-07,/Users/rau/Desktop/Asa/NDVI_Stasiun Geofisika Nganjuk (3)/2018-08-07.png,123.17333221435547,207.33651733398438,78.7040023803711,131.0,211.0,75.0,38.673892974853516,11.869254112243652,23.466304779052734,0.27548420429229736,5407.843554498417,0.44563305995484936,0.472970208729251,9.309127828279951,7
2018-08-02,17.0,30.0,21.8,68.0,0.0,5.5,3.0,180.0,2.0,N ,Stasiun Geofisika Nganjuk,-7.73486,111.76682,723.0,2018-08-02,/Users/rau/Desktop/Asa/NDVI_Stasiun Geofisika Nganjuk (3)/2018-08-02.png,127.92239379882812,208.58285522460938,75.76484680175781,136.0,213.0,71.0,39.097660064697266,11.658053398132324,23.827234268188477,0.2600897252559662,5589.9438831682,0.450397463596623,0.4747748145763069,9.257631838374461,7
2018-07-28,19.0,30.2,23.2,66.0,0.0,10.3,3.0,360.0,1.0,N ,Stasiun Geofisika Nganjuk,-7.73486,111.76682,723.0,2018-07-28,/Users/rau/Desktop/Asa/NDVI_Stasiun Geofisika Nganjuk (3)/2018-07-28.png,127.49186706542969,208.4774932861328,76.0391845703125,136.0,213.0,71.0,38.92439651489258,11.666686058044434,23.704261779785156,0.26137471199035645,5462.113386317233,0.45553782835674306,0.4754508500706945,9.260366414338284,7
2018-07-23,20.0,31.0,24.6,75.0,0.0,8.0,4.0,360.0,2.0,N ,Stasiun Geofisika Nganjuk,-7.73486,111.76682,723.0,2018-07-23,/Users/rau/Desktop/Asa/NDVI_Stasiun Geofisika Nganjuk (3)/2018-07-23.png,130.30909729003906,209.0809783935547,74.2667007446289,139.0,213.0,70.0,39.9858283996582,11.939774513244629,24.398624420166016,0.25317567586898804,5636.548398278491,0.44628181532951167,0.4737480251824118,9.290499836024676,7
2018-07-18,20.0,29.2,24.1,78.0,0.0,7.7,2.0,360.0,1.0,N ,Stasiun Geofisika Nganjuk,-7.73486,111.76682,723.0,2018-07-18,/Users/rau/Desktop/Asa/NDVI_Stasiun Geofisika Nganjuk (3)/2018-07-18.png,115.64836120605469,205.5629119873047,83.43733978271484,124.0,210.0,79.0,34.753456115722656,11.408820152282715,20.798095703125,0.2984149754047394,4967.502581514128,0.45110238300861727,0.4819075764850065,9.003270548360659,7
2018-07-13,19.0,28.8,22.7,72.0,0.0,8.3,1.0,200.0,1.0,N ,Stasiun Geofisika Nganjuk,-7.73486,111.76682,723.0,2018-07-13,/Users/rau/Desktop/Asa/NDVI_Stasiun Geofisika Nganjuk (3)/2018-07-13.png,104.74137115478516,202.4706268310547,90.1426010131836,112.0,206.0,86.0,31.5086727142334,11.401389122009277,18.616376876831055,0.335210382938385,4672.498807936337,0.45246108722645245,0.4856874168394419,8.89589655913058,7
2018-07-08,19.0,29.6,24.0,79.0,0.0,9.1,2.0,360.0,1.0,N ,Stasiun Geofisika Nganjuk,-7.73486,111.76682,723.0,2018-07-08,/Users/rau/Desktop/Asa/NDVI_Stasiun Geofisika Nganjuk (3)/2018-07-08.png,137.2533721923828,210.69073486328125,69.93269348144531,146.0,215.0,65.0,41.449554443359375,11.905643463134766,25.428245544433594,0.23236142098903656,5940.963516792263,0.4597131908845157,0.474899291462418,9.302295066128611,7
2018-06-28,19.0,31.5,23.9,85.0,0.0,9.6,2.0,100.0,1.0,E ,Stasiun Geofisika Nganjuk,-7.73486,111.76682,723.0,2018-06-28,/Users/rau/Desktop/Asa/NDVI_Stasiun Geofisika Nganjuk (3)/2018-06-28.png,47.257293701171875,178.3679656982422,123.28352355957031,44.0,177.0,125.0,10.768915176391602,6.995323181152344,6.1397013664245605,0.5857158303260803,2734.34100047705,0.6396610748361646,0.5319583587888292,7.500567249764201,2
2018-06-23,21.0,30.0,25.5,80.0,0.0,7.4,3.0,360.0,1.0,N ,Stasiun Geofisika Nganjuk,-7.73486,111.76682,723.0,2018-06-23,/Users/rau/Desktop/Asa/NDVI_Stasiun Geofisika Nganjuk (3)/2018-06-23.png,102.25374603271484,197.93731689453125,91.43303680419922,107.0,205.0,89.0,47.81906509399414,20.198246002197266,29.01719093322754,0.3610401153564453,4956.380750318513,0.47907397879011193,0.49022082794999455,9.464724634699383,8
2018-06-18,20.0,29.4,21.8,85.0,0.0,9.0,3.0,80.0,2.0,E ,Stasiun Geofisika Nganjuk,-7.73486,111.76682,723.0,2018-06-18,/Users/rau/Desktop/Asa/NDVI_Stasiun Geofisika Nganjuk (3)/2018-06-18.png,150.0041046142578,213.3647003173828,62.09990692138672,162.0,218.0,55.0,44.33470916748047,11.908516883850098,27.173362731933594,0.19632233679294586,6566.926668839755,0.45461508534926165,0.4738387525506048,9.394809503196342,0
2018-06-08,20.0,30.0,24.0,85.0,0.0,7.0,2.0,100.0,1.0,SW,Stasiun Geofisika Nganjuk,-7.73486,111.76682,723.0,2018-06-08,/Users/rau/Desktop/Asa/NDVI_Stasiun Geofisika Nganjuk (3)/2018-06-08.png,47.476802825927734,173.33302307128906,124.48150634765625,37.0,171.0,129.0,22.472196578979492,15.953962326049805,13.790514945983887,0.5885270237922668,4636.583673600198,0.5170024380922232,0.5215361147338701,8.685451527218152,2
2018-06-03,20.0,29.0,23.8,87.0,0.0,5.7,3.0,90.0,2.0,E ,Stasiun Geofisika Nganjuk,-7.73486,111.76682,723.0,2018-06-03,/Users/rau/Desktop/Asa/NDVI_Stasiun Geofisika Nganjuk (3)/2018-06-03.png,55.98451614379883,165.9135284423828,124.58424377441406,31.0,160.0,135.0,68.76459503173828,24.13956069946289,31.117816925048828,0.5867522358894348,4914.7667980094975,0.5337783473328355,0.6071521563882569,7.005631586558187,6
2018-05-29,20.0,30.0,24.8,86.0,0.0,9.0,3.0,360.0,2.0,N ,Stasiun Geofisika Nganjuk,-7.73486,111.76682,723.0,2018-05-29,/Users/rau/Desktop/Asa/NDVI_Stasiun Geofisika Nganjuk (3)/2018-05-29.png,138.73411560058594,211.7474365234375,69.2011489868164,149.0,215.0,63.0,33.76358413696289,9.673174858093262,20.70500373840332,0.22245338559150696,5773.502895313133,0.45100095484282565,0.4880180281533349,8.744237496644221,7
2018-05-19,22.0,30.6,24.8,88.0,0.0,7.5,1.0,30.0,1.0,NE,Stasiun Geofisika Nganjuk,-7.73486,111.76682,723.0,2018-05-19,/Users/rau/Desktop/Asa/NDVI_Stasiun Geofisika Nganjuk (3)/2018-05-19.png,78.58418273925781,191.55020141601562,105.90776824951172,81.0,196.0,104.0,30.227066040039062,15.882555961608887,17.60813331604004,0.44059205055236816,4225.340787424986,0.5217323426700418,0.5122589825862252,8.697587538690016,1
2018-05-14,21.0,31.0,25.1,83.0,0.0,9.5,3.0,360.0,2.0,E ,Stasiun Geofisika Nganjuk,-7.73486,111.76682,723.0,2018-05-14,/Users/rau/Desktop/Asa/NDVI_Stasiun Geofisika Nganjuk (3)/2018-05-14.png,159.4080810546875,215.5677032470703,56.228973388671875,173.0,220.0,48.0,41.467079162597656,10.881772994995117,25.488004684448242,0.1680007129907608,6648.216586039191,0.49027097380385254,0.4864631121039412,9.010558885392769,0
2018-05-09,20.0,29.0,24.2,87.0,0.0,9.5,2.0,90.0,1.0,N ,Stasiun Geofisika Nganjuk,-7.73486,111.76682,723.0,2018-05-09,/Users/rau/Desktop/Asa/NDVI_Stasiun Geofisika Nganjuk (3)/2018-05-09.png,150.77349853515625,214.0391845703125,61.53419876098633,162.0,218.0,55.0,39.0400505065918,10.338095664978027,24.109086990356445,0.19036903977394104,6090.550863537516,0.4925592685936161,0.4898770649799331,8.8902164048956,0
2018-05-04,20.0,30.6,25.1,79.0,0.0,9.5,2.0,360.0,1.0,N ,Stasiun Geofisika Nganjuk,-7.73486,111.76682,723.0,2018-05-04,/Users/rau/Desktop/Asa/NDVI_Stasiun Geofisika Nganjuk (3)/2018-05-04.png,165.53997802734375,216.72857666015625,52.4615364074707,181.0,221.0,43.0,41.679595947265625,10.74283218383789,25.56930923461914,0.15170519053936005,6739.780113438049,0.4899385199365094,0.48864894335815445,8.837299269032126,0
2018-04-29,20.0,30.4,25.2,80.0,0.5,7.7,2.0,320.0,1.0,W ,Stasiun Geofisika Nganjuk,-7.73486,111.76682,723.0,2018-04-29,/Users/rau/Desktop/Asa/NDVI_Stasiun Geofisika Nganjuk (3)/2018-04-29.png,171.00857543945312,217.69161987304688,49.28152847290039,186.0,222.0,39.0,42.2605094909668,10.619518280029297,25.7421817779541,0.13772162795066833,6980.13486051991,0.48521512484681983,0.4935589848539981,8.705459150338157,0
2018-04-19,22.0,29.0,24.6,89.0,5.0,8.3,2.0,70.0,1.0,E ,Stasiun Geofisika Nganjuk,-7.73486,111.76682,723.0,2018-04-19,/Users/rau/Desktop/Asa/NDVI_Stasiun Geofisika Nganjuk (3)/2018-04-19.png,63.075374603271484,178.3892364501953,115.89935302734375,42.0,176.0,126.0,43.017520904541016,22.547706604003906,25.25597381591797,0.5244356393814087,4959.822460167142,0.4918014260869169,0.5085431706909495,9.279819130749914,1
2018-04-04,21.0,30.2,24.8,88.0,4.2,6.5,2.0,60.0,1.0,S ,Stasiun Geofisika Nganjuk,-7.73486,111.76682,723.0,2018-04-04,/Users/rau/Desktop/Asa/NDVI_Stasiun Geofisika Nganjuk (3)/2018-04-04.png,81.0059814453125,184.94435119628906,104.7589111328125,57.0,185.0,118.0,54.886688232421875,26.07308578491211,33.76163864135742,0.45646169781684875,5363.171489068968,0.48121649483661666,0.508216751782748,9.378146774192036,1
2018-03-30,21.0,30.0,24.1,89.0,0.0,7.5,3.0,90.0,2.0,E ,Stasiun Geofisika Nganjuk,-7.73486,111.76682,723.0,2018-03-30,/Users/rau/Desktop/Asa/NDVI_Stasiun Geofisika Nganjuk (3)/2018-03-30.png,77.53868103027344,181.4149627685547,108.25859069824219,50.0,181.0,122.0,54.77375030517578,27.822158813476562,32.297325134277344,0.468178927898407,4959.85525667421,0.4876432390497962,0.5290729814787369,8.940994848405692,1
2018-03-15,20.0,30.0,24.3,85.0,0.0,6.0,2.0,90.0,1.0,N ,Stasiun Geofisika Nganjuk,-7.73486,111.76682,723.0,2018-03-15,/Users/rau/Desktop/Asa/NDVI_Stasiun Geofisika Nganjuk (3)/2018-03-15.png,159.06085205078125,214.39813232421875,56.45934295654297,181.0,221.0,43.0,50.54204177856445,14.23160171508789,30.810821533203125,0.1766718327999115,6596.063050393848,0.496873511250835,0.49593215993250134,8.950226226284482,0
2018-02-18,21.0,28.5,23.9,88.0,30.0,8.0,4.0,270.0,2.0,N ,Stasiun Geofisika Nganjuk,-7.73486,111.76682,723.0,2018-02-18,/Users/rau/Desktop/Asa/NDVI_Stasiun Geofisika Nganjuk (3)/2018-02-18.png,101.77662658691406,202.680908203125,92.18495178222656,105.0,204.0,91.0,19.698707580566406,7.015990257263184,11.477404594421387,0.3382410407066345,4367.144262640117,0.5047635728218737,0.532273730832686,7.718069978896157,9
2018-01-09,21.0,29.2,24.3,87.0,0.3,7.0,5.0,330.0,2.0,N ,Stasiun Geofisika Nganjuk,-7.73486,111.76682,723.0,2018-01-09,/Users/rau/Desktop/Asa/NDVI_Stasiun Geofisika Nganjuk (3)/2018-01-09.png,176.82382202148438,218.5606689453125,46.186702728271484,194.0,223.0,34.0,43.8195686340332,10.948935508728027,26.29831886291504,0.12394924461841583,6975.076661846494,0.4700106730237906,0.49714011099280647,8.68462311724831,0
2017-12-25,19.0,30.0,24.0,83.0,0.0,9.0,5.0,10.0,2.0,N ,Stasiun Geofisika Nganjuk,-7.73486,111.76682,723.0,2017-12-25,/Users/rau/Desktop/Asa/NDVI_Stasiun Geofisika Nganjuk (3)/2017-12-25.png,169.05160522460938,217.0637969970703,50.70286560058594,186.0,222.0,39.0,45.15773391723633,11.57555866241455,27.31467056274414,0.14475545287132263,7013.93481787359,0.47102613927275844,0.4867338453684976,9.003161594452202,0
2017-10-31,21.0,31.6,24.8,72.0,0.0,6.5,4.0,360.0,2.0,N ,Stasiun Geofisika Nganjuk,-7.73486,111.76682,723.0,2017-10-31,/Users/rau/Desktop/Asa/NDVI_Stasiun Geofisika Nganjuk (3)/2017-10-31.png,125.16738891601562,207.73617553710938,77.44927978515625,131.0,211.0,75.0,39.857688903808594,12.164990425109863,24.243562698364258,0.2697826325893402,5462.741385092917,0.44705297066025784,0.47413482826288933,9.360916877599951,4
2017-10-21,20.0,32.4,25.9,76.0,0.0,7.5,4.0,350.0,2.0,N ,Stasiun Geofisika Nganjuk,-7.73486,111.76682,723.0,2017-10-21,/Users/rau/Desktop/Asa/NDVI_Stasiun Geofisika Nganjuk (3)/2017-10-21.png,118.34944915771484,205.931640625,81.65503692626953,124.0,210.0,79.0,38.914756774902344,12.301795959472656,23.52120018005371,0.2920910120010376,5182.807128700054,0.4515390810271743,0.47236146042468224,9.387290141505344,4
2017-10-06,22.0,32.0,25.9,80.0,0.0,9.0,2.0,20.0,2.0,E ,Stasiun Geofisika Nganjuk,-7.73486,111.76682,723.0,2017-10-06,/Users/rau/Desktop/Asa/NDVI_Stasiun Geofisika Nganjuk (3)/2017-10-06.png,125.76630401611328,207.3885498046875,76.99860382080078,131.0,211.0,75.0,44.16207504272461,13.484964370727539,26.8765926361084,0.2714293599128723,5661.776187135165,0.45080295184506775,0.46718748794624276,9.701611694274433,4
2017-10-01,21.0,30.0,24.7,86.0,0.0,6.2,4.0,340.0,2.0,N ,Stasiun Geofisika Nganjuk,-7.73486,111.76682,723.0,2017-10-01,/Users/rau/Desktop/Asa/NDVI_Stasiun Geofisika Nganjuk (3)/2017-10-01.png,62.4800910949707,177.70880126953125,117.88922882080078,47.0,179.0,123.0,50.636966705322266,22.014270782470703,24.256853103637695,0.5300710201263428,4163.727773258741,0.5191513713670564,0.5149861220883962,8.939517613778529,1
2017-09-21,19.0,32.0,25.5,69.0,0.0,9.2,4.0,40.0,2.0,E ,Stasiun Geofisika Nganjuk,-7.73486,111.76682,723.0,2017-09-21,/Users/rau/Desktop/Asa/NDVI_Stasiun Geofisika Nganjuk (3)/2017-09-21.png,125.65521240234375,207.458984375,77.11868286132812,129.0,211.0,76.0,43.91300582885742,13.093047142028809,26.705686569213867,0.2712843418121338,5648.659383389219,0.4425715791047278,0.46731593627574197,9.71159959674979,4
2017-08-27,17.0,30.4,23.6,73.0,0.0,10.0,3.0,30.0,1.0,E ,Stasiun Geofisika Nganjuk,-7.73486,111.76682,723.0,2017-08-27,/Users/rau/Desktop/Asa/NDVI_Stasiun Geofisika Nganjuk (3)/2017-08-27.png,128.54843139648438,208.7549285888672,75.42129516601562,134.0,212.0,73.0,38.98072814941406,11.615474700927734,23.79487419128418,0.2578708529472351,5708.001470021085,0.4430769133950714,0.47157032650018693,9.378940218959052,7
2017-08-17,19.0,29.0,23.3,79.0,0.0,10.0,3.0,10.0,2.0,N ,Stasiun Geofisika Nganjuk,-7.73486,111.76682,723.0,2017-08-17,/Users/rau/Desktop/Asa/NDVI_Stasiun Geofisika Nganjuk (3)/2017-08-17.png,116.1082992553711,206.24229431152344,83.33171081542969,119.0,208.0,82.0,30.164400100708008,9.385662078857422,18.177480697631836,0.29284074902534485,5022.545087342145,0.4432099012493245,0.48535974974447693,8.865261594620712,7
2017-08-12,18.0,29.2,23.8,79.0,0.0,9.5,2.0,10.0,1.0,N ,Stasiun Geofisika Nganjuk,-7.73486,111.76682,723.0,2017-08-12,/Users/rau/Desktop/Asa/NDVI_Stasiun Geofisika Nganjuk (3)/2017-08-12.png,136.6792755126953,210.94422912597656,70.4109115600586,146.0,215.0,65.0,37.36656951904297,10.783284187316895,22.930198669433594,0.23107238113880157,5723.190989650513,0.4582583906485954,0.48076391344964886,9.093446310675485,7
2017-08-07,20.0,30.0,23.9,75.0,0.0,8.5,4.0,50.0,2.0,NE,Stasiun Geofisika Nganjuk,-7.73486,111.76682,723.0,2017-08-07,/Users/rau/Desktop/Asa/NDVI_Stasiun Geofisika Nganjuk (3)/2017-08-07.png,143.4390869140625,212.14712524414062,66.16256713867188,151.0,216.0,62.0,41.75462341308594,11.5497465133667,25.656593322753906,0.21363845467567444,6101.226783070492,0.465809547628199,0.47463147800720745,9.365152715665854,7
2017-08-02,19.0,29.0,23.5,78.0,0.0,9.0,5.0,360.0,2.0,N ,Stasiun Geofisika Nganjuk,-7.73486,111.76682,723.0,2017-08-02,/Users/rau/Desktop/Asa/NDVI_Stasiun Geofisika Nganjuk (3)/2017-08-02.png,146.05484008789062,212.72576904296875,64.52479553222656,157.0,217.0,58.0,41.878082275390625,11.488463401794434,25.75672149658203,0.2060147076845169,6109.771637610671,0.46374280545537533,0.4763765612634878,9.320412183935103,7
2017-07-23,18.0,30.0,23.1,79.0,0.0,7.5,3.0,20.0,2.0,N ,Stasiun Geofisika Nganjuk,-7.73486,111.76682,723.0,2017-07-23,/Users/rau/Desktop/Asa/NDVI_Stasiun Geofisika Nganjuk (3)/2017-07-23.png,88.5476303100586,191.11172485351562,100.56461334228516,85.0,198.0,102.0,46.774742126464844,23.30746841430664,28.018110275268555,0.4123644530773163,4609.62940153489,0.49547824582153305,0.5132464782374279,9.292382883008768,1
2017-07-18,17.0,30.0,23.9,72.0,0.0,7.5,4.0,50.0,2.0,NE,Stasiun Geofisika Nganjuk,-7.73486,111.76682,723.0,2017-07-18,/Users/rau/Desktop/Asa/NDVI_Stasiun Geofisika Nganjuk (3)/2017-07-18.png,135.07699584960938,210.7398223876953,71.48086547851562,141.0,214.0,68.0,35.33827590942383,10.30467700958252,21.653560638427734,0.23459383845329285,5578.117665357846,0.4612601615738161,0.48392118800887857,8.999793672803,7
2017-06-28,20.0,29.6,23.7,83.0,65.5,3.5,5.0,10.0,2.0,N ,Stasiun Geofisika Nganjuk,-7.73486,111.76682,723.0,2017-06-28,/Users/rau/Desktop/Asa/NDVI_Stasiun Geofisika Nganjuk (3)/2017-06-28.png,157.3511505126953,215.26876831054688,57.46711730957031,170.0,219.0,50.0,39.94424819946289,10.66679859161377,24.631195068359375,0.17267966270446777,6415.13478749016,0.49685220856674206,0.48819293276531583,8.932152038816998,0
2017-06-18,18.0,27.0,22.6,76.0,0.0,9.0,4.0,360.0,2.0,N ,Stasiun Geofisika Nganjuk,-7.73486,111.76682,723.0,2017-06-18,/Users/rau/Desktop/Asa/NDVI_Stasiun Geofisika Nganjuk (3)/2017-06-18.png,157.06427001953125,215.25389099121094,57.600467681884766,170.0,219.0,50.0,39.675750732421875,10.467628479003906,24.503021240234375,0.1732642650604248,6363.069319551253,0.4966623136298605,0.48788543970327947,8.878552760121249,0
2017-06-08,21.0,30.4,24.7,81.0,9.0,6.0,3.0,20.0,2.0,N ,Stasiun Geofisika Nganjuk,-7.73486,111.76682,723.0,2017-06-08,/Users/rau/Desktop/Asa/NDVI_Stasiun Geofisika Nganjuk (3)/2017-06-08.png,59.19244384765625,174.23060607910156,120.00251007080078,36.0,170.0,130.0,50.70256805419922,22.935258865356445,24.994783401489258,0.5473788380622864,4612.159925075158,0.511237996054474,0.5297467694202873,8.845204401496858,1
2017-05-19,20.0,30.2,24.6,73.0,0.0,9.0,3.0,210.0,1.0,N ,Stasiun Geofisika Nganjuk,-7.73486,111.76682,723.0,2017-05-19,/Users/rau/Desktop/Asa/NDVI_Stasiun Geofisika Nganjuk (3)/2017-05-19.png,161.77635192871094,216.30763244628906,54.63799285888672,175.0,220.0,46.0,38.40183639526367,9.876553535461426,23.763145446777344,0.15959060192108154,6407.511786023102,0.5086051532176993,0.499332580879992,8.588637715946962,0
2017-04-29,20.0,29.4,24.3,92.0,50.0,5.0,3.0,190.0,1.0,N ,Stasiun Geofisika Nganjuk,-7.73486,111.76682,723.0,2017-04-29,/Users/rau/Desktop/Asa/NDVI_Stasiun Geofisika Nganjuk (3)/2017-04-29.png,164.1599578857422,216.65614318847656,53.06953430175781,178.0,221.0,44.0,38.67694091796875,10.46843433380127,23.89642333984375,0.15383286774158478,6315.465920557278,0.5169818851752579,0.5077122060889259,8.312023712192254,0
2017-03-10,20.0,28.4,22.7,91.0,0.0,2.5,3.0,170.0,1.0,N ,Stasiun Geofisika Nganjuk,-7.73486,111.76682,723.0,2017-03-10,/Users/rau/Desktop/Asa/NDVI_Stasiun Geofisika Nganjuk (3)/2017-03-10.png,96.83257293701172,196.9091033935547,94.59476470947266,91.0,200.0,98.0,45.62649917602539,18.472148895263672,27.547222137451172,0.37934863567352295,4879.626908177142,0.47559000681870905,0.49713987005678195,9.445221846097136,8
2017-02-18,20.0,27.2,23.3,92.0,0.0,3.7,3.0,320.0,1.0,N ,Stasiun Geofisika Nganjuk,-7.73486,111.76682,723.0,2017-02-18,/Users/rau/Desktop/Asa/NDVI_Stasiun Geofisika Nganjuk (3)/2017-02-18.png,95.87831115722656,169.54161071777344,109.8886489868164,32.0,145.0,140.0,100.2759017944336,39.22416687011719,47.1451530456543,0.4405001699924469,1269.1624617480315,0.7844009601875545,0.8312224934207466,2.6295470019889278,3
